Name,Location,Year,Kilometers_Driven,Fuel_Type,Transmission,Owner_Type,Mileage,Engine,Power,Seats,New_Price,Price
Hyundai Santro D Lite,Chennai,2001,140000,Petrol,Manual,Third,20.3 kmpl,1086 CC,68 bhp,5,4.55 Lakh,0.7
Maruti Wagon R VXI,Mumbai,2010,38000,Petrol,Manual,Second,22.5 kmpl,998 CC,67.04 bhp,5,5.61 Lakh,1.75
Hyundai Verna CRDi 1.4 E,Chennai,2008,121097,Diesel,Manual,Second,24.0 kmpl,1396 CC,88.76 bhp,5,10.73 Lakh,1.9
Porsche Cayenne Base,Kochi,2019,14298,Petrol,Automatic,First,13.33 kmpl,2995 CC,340 bhp,5,1.36 Cr,2.02
Skoda Octavia RS,Jaipur,2005,100000,Petrol,Automatic,First,14.45 kmpl,1984 CC,227 bhp,5,28.37 Lakh,2.05
Maruti Alto K10 VXI,Pune,2014,17000,Petrol,Manual,First,24.07 kmpl,998 CC,67.1 bhp,5,4.48 Lakh,2.1
Maruti Alto K10 VXI,Chennai,2011,28300,Petrol,Manual,First,24.07 kmpl,998 CC,67.1 bhp,5,4.5 Lakh,2.15
Maruti Eeco 7 Seater Standard,Delhi,2016,126000,Petrol,Manual,First,15.1 kmpl,1196 CC,73 bhp,7,4.43 Lakh,2.2
Datsun redi-GO T,Kolkata,2016,15000,Petrol,Manual,First,22.7 kmpl,799 CC,53.64 bhp,5,3.98 Lakh,2.25
Maruti Eeco 7 Seater Standard,Pune,2011,45000,Petrol,Manual,First,15.1 kmpl,1196 CC,73 bhp,7,4.69 Lakh,2.25
Hyundai Grand i10 1.2 Kappa Magna,Pune,2010,45252,Petrol,Manual,First,18.9 kmpl,1197 CC,81.86 bhp,5,6.8 Lakh,2.25
Maruti Dzire LDI,Pune,2012,150000,Diesel,Manual,Third,28.4 kmpl,1248 CC,73.75 bhp,5,7.91 Lakh,2.25
Maruti Alto K10 LXI,Pune,2014,49000,Petrol,Manual,First,24.07 kmpl,998 CC,67.1 bhp,5,4.29 Lakh,2.3
Maruti Wagon R LXI,Mumbai,2010,37822,Petrol,Manual,First,22.5 kmpl,998 CC,67.04 bhp,5,5.04 Lakh,2.35
Maruti Wagon R LXI,Mumbai,2010,12000,Petrol,Manual,First,22.5 kmpl,998 CC,67.04 bhp,5,5.04 Lakh,2.45
Hyundai Verna CRDi 1.6 SX,Hyderabad,2008,96578,Diesel,Manual,First,22.0 kmpl,1582 CC,126.2 bhp,5,14.07 Lakh,2.5
Ford Figo Titanium Diesel,Kolkata,2015,72035,Diesel,Manual,First,25.5 kmpl,1498 CC,99 bhp,5,7.65 Lakh,2.5
Nissan Micra XV D,Chennai,2012,93450,Diesel,Manual,Second,23.19 kmpl,1461 CC,63.12 bhp,5,9.48 Lakh,2.5
Fiat Linea Classic Plus 1.3 Multijet,Jaipur,2013,86000,Diesel,Manual,Second,19.5 kmpl,1248 CC,75 bhp,5,9.5 Lakh,2.5
Renault KWID RXL,Jaipur,2016,26000,Petrol,Manual,First,25.17 kmpl,799 CC,53.3 bhp,5,3.96 Lakh,2.55
Hyundai Verna CRDi 1.6 SX,Hyderabad,2008,143275,Diesel,Manual,First,22.0 kmpl,1582 CC,126.2 bhp,5,14.07 Lakh,2.6
Maruti Alto K10 VXI,Hyderabad,2014,88500,Petrol,Manual,First,24.07 kmpl,998 CC,67.1 bhp,5,4.53 Lakh,2.6
Maruti Wagon R VXI,Kolkata,2013,32000,Petrol,Manual,First,22.5 kmpl,998 CC,67.04 bhp,5,5.29 Lakh,2.65
Nissan Micra XV CVT,Kolkata,2011,44000,Petrol,Automatic,First,19.15 kmpl,1198 CC,75.94 bhp,5,8.73 Lakh,2.65
Datsun redi-GO T Option,Bangalore,2016,20487,Petrol,Manual,First,22.7 kmpl,799 CC,53.64 bhp,5,4.37 Lakh,2.66
Maruti Dzire VXI,Kolkata,2011,46687,Petrol,Manual,First,22.0 kmpl,1197 CC,81.80 bhp,5,7.3 Lakh,2.7
Maruti Wagon R LXI,Delhi,2012,45631,Petrol,Manual,Second,22.5 kmpl,998 CC,67.04 bhp,5,4.59 Lakh,2.74
Datsun redi-GO S,Chennai,2016,26239,Petrol,Manual,First,22.7 kmpl,799 CC,53 bhp,5,4.43 Lakh,2.75
Maruti Alto K10 VXI,Bangalore,2011,64357,Petrol,Manual,First,24.07 kmpl,998 CC,67.1 bhp,5,4.7 Lakh,2.75
Maruti Wagon R LXI,Ahmedabad,2010,21002,Petrol,Manual,First,22.5 kmpl,998 CC,67.04 bhp,5,4.74 Lakh,2.75
Honda Brio 1.2 S Option MT,Delhi,2012,40315,Petrol,Manual,First,18.5 kmpl,1198 CC,86.8 bhp,5,5.92 Lakh,2.75
Maruti Wagon R VXI 1.2,Kolkata,2014,37000,Petrol,Manual,First,21.5 kmpl,1197 CC,81.80 bhp,5,5.56 Lakh,2.8
Maruti Swift VXI,Pune,2010,68000,Petrol,Manual,First,22.0 kmpl,1197 CC,81.80 bhp,5,6.99 Lakh,2.8
Maruti Wagon R CNG LXI,Mumbai,2014,47200,CNG,Manual,First,33.54 km/kg,998 CC,67.04 bhp,5,5.58 Lakh,2.85
Volkswagen Vento 1.5 TDI Highline,Chennai,2011,121311,Diesel,Manual,First,20.64 kmpl,1498 CC,108.5 bhp,5,14.32 Lakh,2.9
Hyundai Verna CRDi 1.6 SX Option,Hyderabad,2008,109606,Diesel,Manual,First,22.0 kmpl,1582 CC,126.2 bhp,5,15.59 Lakh,2.9
Maruti Eeco 7 Seater Standard,Mumbai,2014,34669,Petrol,Manual,First,15.1 kmpl,1196 CC,73 bhp,7,4.71 Lakh,2.9
Maruti Eeco 7 Seater Standard,Mumbai,2014,34670,Petrol,Manual,First,15.1 kmpl,1196 CC,73 bhp,7,4.71 Lakh,2.9
Maruti Alto K10 LXI,Kochi,2014,51349,Petrol,Manual,First,24.07 kmpl,998 CC,67.1 bhp,5,3.91 Lakh,2.93
Maruti Eeco 7 Seater Standard,Hyderabad,2015,90413,Petrol,Manual,First,15.1 kmpl,1196 CC,73 bhp,7,4.83 Lakh,2.95
Maruti Wagon R CNG LXI,Pune,2013,79494,CNG,Manual,First,33.54 km/kg,998 CC,67.04 bhp,5,5.54 Lakh,2.96
Renault KWID RXT Optional,Mumbai,2016,16000,Petrol,Manual,First,25.17 kmpl,799 CC,53.3 bhp,5,4.78 Lakh,2.99
Maruti Alto K10 LXI,Delhi,2016,35027,Petrol,Manual,First,24.07 kmpl,998 CC,67.1 bhp,5,3.91 Lakh,3
Honda CR-V Petrol 2WD,Chennai,2004,135000,Petrol,Automatic,Third,14.4 kmpl,1997 CC,152 bhp,5,33.51 Lakh,3
Maruti Alto K10 VXI,Jaipur,2016,35000,Petrol,Manual,First,24.07 kmpl,998 CC,67.1 bhp,5,4.24 Lakh,3
Maruti Alto K10 LXI Optional,Pune,2016,7000,Petrol,Manual,First,24.07 kmpl,998 CC,67.1 bhp,5,4.36 Lakh,3
Renault KWID 1.0 RXT Optional,Jaipur,2016,26000,Petrol,Manual,First,21.7 kmpl,999 CC,67 bhp,5,4.78 Lakh,3
Maruti Wagon R LXI,Kochi,2014,52431,Petrol,Manual,First,22.5 kmpl,998 CC,67.04 bhp,5,4.59 Lakh,3.01
Maruti Wagon R CNG LXI,Mumbai,2013,54000,CNG,Manual,First,33.54 km/kg,998 CC,67.04 bhp,5,5.58 Lakh,3.05
Maruti Wagon R VXI 1.2,Mumbai,2015,55000,Petrol,Manual,First,21.5 kmpl,1197 CC,81.80 bhp,5,5.88 Lakh,3.1
Mahindra Verito 1.5 D4 BSIV,Pune,2015,90000,Diesel,Manual,Second,21.03 kmpl,1461 CC,65 bhp,5,9.26 Lakh,3.1
Honda Brio 1.2 VX MT,Kochi,2012,91931,Petrol,Manual,First,18.5 kmpl,1198 CC,86.8 bhp,5,6.62 Lakh,3.13
Maruti Alto K10 VXI,Mumbai,2016,13198,Petrol,Manual,First,24.07 kmpl,998 CC,67.1 bhp,5,4.82 Lakh,3.15
Honda Amaze S Petrol,Kolkata,2013,32576,Petrol,Manual,First,19.5 kmpl,1199 CC,88.76 bhp,5,7.36 Lakh,3.15
Maruti Wagon R VXI,Mumbai,2014,43628,Petrol,Manual,First,22.5 kmpl,998 CC,67.04 bhp,5,5.61 Lakh,3.16
Maruti Alto K10 VXI,Coimbatore,2011,46808,Petrol,Manual,Second,24.07 kmpl,998 CC,67.1 bhp,5,4.7 Lakh,3.19
Maruti Alto K10 VXI,Jaipur,2016,51264,Petrol,Manual,First,24.07 kmpl,998 CC,67.1 bhp,5,4.24 Lakh,3.2
Maruti Celerio VXI AMT,Delhi,2014,35214,Petrol,Automatic,Second,23.1 kmpl,998 CC,67.04 bhp,5,5.57 Lakh,3.2
Honda Brio 1.2 VX MT,Delhi,2013,33746,Petrol,Manual,First,18.5 kmpl,1198 CC,86.8 bhp,5,6.63 Lakh,3.2
Maruti Alto K10 VXI,Coimbatore,2011,48624,Petrol,Manual,First,24.07 kmpl,998 CC,67.1 bhp,5,4.7 Lakh,3.22
Volkswagen Vento 1.5 TDI Trendline,Mumbai,2011,47000,Diesel,Manual,First,20.64 kmpl,1498 CC,108.5 bhp,5,11.3 Lakh,3.25
Volkswagen Vento 1.6 Highline,Mumbai,2011,38000,Petrol,Manual,First,16.09 kmpl,1598 CC,103.5 bhp,5,11.91 Lakh,3.25
Renault KWID 1.0 RXT Optional,Jaipur,2017,63262,Petrol,Manual,First,21.7 kmpl,999 CC,67 bhp,5,4.78 Lakh,3.25
Maruti Alto K10 VXI,Mumbai,2017,12000,Petrol,Manual,First,24.07 kmpl,998 CC,67.1 bhp,5,4.82 Lakh,3.25
Maruti Wagon R LXI,Mumbai,2014,25422,Petrol,Manual,First,22.5 kmpl,998 CC,67.04 bhp,5,5.04 Lakh,3.25
Maruti Wagon R CNG LXI,Delhi,2014,74663,CNG,Manual,First,33.54 km/kg,998 CC,67.04 bhp,5,5.35 Lakh,3.25
Honda Amaze S Diesel,Kolkata,2013,45000,Diesel,Manual,First,27.4 kmpl,1498 CC,98.6 bhp,5,8.54 Lakh,3.25
Maruti Wagon R LXI,Ahmedabad,2012,30000,Petrol,Manual,First,22.5 kmpl,998 CC,67.04 bhp,5,4.74 Lakh,3.3
Honda Amaze S Diesel,Kolkata,2013,46500,Diesel,Manual,First,27.4 kmpl,1498 CC,98.6 bhp,5,8.54 Lakh,3.3
Datsun redi-GO T Option,Coimbatore,2017,27509,Petrol,Manual,First,22.7 kmpl,799 CC,53.64 bhp,5,4.04 Lakh,3.31
Maruti Wagon R LXI,Kochi,2011,15466,Petrol,Manual,First,22.5 kmpl,998 CC,67.04 bhp,5,5.04 Lakh,3.36
Volkswagen Vento 1.5 TDI Comfortline,Kolkata,2012,34000,Diesel,Manual,First,20.64 kmpl,1498 CC,108.5 bhp,5,11.16 Lakh,3.4
Renault KWID RXL,Pune,2018,1000,Petrol,Manual,First,25.17 kmpl,799 CC,53.3 bhp,5,4.45 Lakh,3.4
Maruti Wagon R VXI,Kochi,2014,41994,Petrol,Manual,First,22.5 kmpl,998 CC,67.04 bhp,5,5.12 Lakh,3.41
Maruti Wagon R VXI,Pune,2014,38958,Petrol,Manual,First,22.5 kmpl,998 CC,67.04 bhp,5,5.56 Lakh,3.41
Maruti Wagon R VXI,Chennai,2014,52000,Petrol,Manual,First,22.5 kmpl,998 CC,67.04 bhp,5,5.51 Lakh,3.45
Renault KWID RXL,Kochi,2017,24214,Petrol,Manual,Second,25.17 kmpl,799 CC,53.3 bhp,5,3.95 Lakh,3.46
Maruti Alto K10 VXI,Kochi,2015,23876,Petrol,Manual,First,24.07 kmpl,998 CC,67.1 bhp,5,4.09 Lakh,3.46
Datsun redi-GO T Option,Kochi,2018,30953,Petrol,Manual,First,22.7 kmpl,799 CC,53.64 bhp,5,4.05 Lakh,3.48
Volkswagen Vento 1.6 Comfortline,Kolkata,2014,38000,Petrol,Manual,First,16.09 kmpl,1598 CC,103.5 bhp,5,10.94 Lakh,3.49
Volkswagen Polo 1.5 TDI Highline,Hyderabad,2013,65000,Diesel,Manual,Second,20.14 kmpl,1498 CC,88 bhp,5,10.15 Lakh,3.5
Mahindra Bolero ZLX,Mumbai,2016,40448,Diesel,Manual,First,15.96 kmpl,2523 CC,62.1 bhp,7,11.01 Lakh,3.5
Maruti Alto K10 VXI,Hyderabad,2016,10000,Petrol,Manual,First,24.07 kmpl,998 CC,67.1 bhp,5,4.53 Lakh,3.5
Renault KWID RXT Optional,Pune,2018,5000,Petrol,Manual,First,25.17 kmpl,799 CC,53.3 bhp,5,4.9 Lakh,3.5
Maruti Wagon R VXI 1.2,Jaipur,2015,64876,Petrol,Manual,First,21.5 kmpl,1197 CC,81.80 bhp,5,5.71 Lakh,3.5
Maruti Celerio VXI AMT,Chennai,2015,55000,Petrol,Automatic,First,23.1 kmpl,998 CC,67.04 bhp,5,6 Lakh,3.5
Hyundai Xcent 1.2 CRDi S,Mumbai,2016,50000,Diesel,Manual,First,25.4 kmpl,1186 CC,73.97 bhp,5,8.84 Lakh,3.5
Volkswagen Vento 1.6 Comfortline,Kochi,2012,60818,Petrol,Manual,First,16.09 kmpl,1598 CC,103.5 bhp,5,11.05 Lakh,3.59
Datsun redi-GO T Option,Kochi,2018,6279,Petrol,Manual,First,22.7 kmpl,799 CC,53.64 bhp,5,4.05 Lakh,3.6
Maruti Alto K10 VXI,Kolkata,2018,2100,Petrol,Manual,First,24.07 kmpl,998 CC,67.1 bhp,5,4.33 Lakh,3.6
Maruti Wagon R VXI,Kolkata,2016,16956,Petrol,Manual,First,22.5 kmpl,998 CC,67.04 bhp,5,5.29 Lakh,3.6
Tata Tiago 1.2 Revotron XT,Jaipur,2016,42700,Petrol,Manual,First,23.84 kmpl,1199 CC,84 bhp,5,5.61 Lakh,3.6
Volkswagen Polo 1.5 TDI Highline,Delhi,2012,68038,Diesel,Manual,First,20.14 kmpl,1498 CC,88 bhp,5,9.96 Lakh,3.6
Maruti Eeco 7 Seater Standard,Coimbatore,2012,56661,Petrol,Manual,First,15.1 kmpl,1196 CC,73 bhp,7,4.98 Lakh,3.61
Maruti Alto K10 VXI,Kochi,2018,46805,Petrol,Manual,First,24.07 kmpl,998 CC,67.1 bhp,5,4.09 Lakh,3.63
Maruti Wagon R VXI AMT1.2,Mumbai,2015,26000,Petrol,Automatic,First,21.5 kmpl,1197 CC,81.80 bhp,5,6.43 Lakh,3.65
Hyundai Xcent 1.2 VTVT SX,Mumbai,2014,64241,Petrol,Manual,First,20.14 kmpl,1197 CC,81.86 bhp,5,8.27 Lakh,3.67
Maruti Alto K10 VXI,Kochi,2015,37929,Petrol,Manual,First,24.07 kmpl,998 CC,67.1 bhp,5,4.09 Lakh,3.69
Renault KWID RXT Optional,Kochi,2017,21954,Petrol,Manual,First,25.17 kmpl,799 CC,53.3 bhp,5,4.78 Lakh,3.7
Tata Bolt Quadrajet XE,Hyderabad,2016,100303,Diesel,Manual,First,22.95 kmpl,1248 CC,74 bhp,5,7.43 Lakh,3.7
Tata Zest Revotron 1.2T XM,Mumbai,2014,36000,Petrol,Manual,First,17.57 kmpl,1193 CC,88.7 bhp,5,7.63 Lakh,3.7
Mahindra Verito 1.5 D4 BSIV,Hyderabad,2013,107000,Diesel,Manual,First,21.03 kmpl,1461 CC,65 bhp,5,9.12 Lakh,3.7
Maruti Eeco CNG 5 Seater AC,Ahmedabad,2015,47001,CNG,Manual,First,20.0 km/kg,1196 CC,63 bhp,5,5.36 Lakh,3.72
Skoda Superb Style 1.8 TSI AT,Mumbai,2010,62004,Petrol,Automatic,Second,14.67 kmpl,1798 CC,177.46 bhp,5,33.36 Lakh,3.75
Maruti Alto K10 VXI,Pune,2017,30000,Petrol,Manual,First,24.07 kmpl,998 CC,67.1 bhp,5,4.48 Lakh,3.75
Maruti Eeco 7 Seater Standard,Chennai,2016,55000,Petrol,Manual,First,15.1 kmpl,1196 CC,73 bhp,7,4.87 Lakh,3.75
Maruti Celerio LXI MT,Kolkata,2018,30000,Petrol,Manual,First,23.1 kmpl,998 CC,67.04 bhp,5,4.87 Lakh,3.75
Maruti Eeco 7 Seater Standard,Coimbatore,2013,54885,Petrol,Manual,First,15.1 kmpl,1196 CC,73 bhp,7,4.98 Lakh,3.75
Toyota Etios Liva 1.2 G,Chennai,2011,42000,Petrol,Manual,Second,17.71 kmpl,1197 CC,78.9 bhp,5,6.51 Lakh,3.75
Tata Zest Quadrajet 1.3 75PS XE,Kolkata,2017,45000,Diesel,Manual,First,22.95 kmpl,1248 CC,74 bhp,5,7.94 Lakh,3.75
Tata Zest Quadrajet 1.3 75PS XE,Pune,2017,121900,Diesel,Manual,First,22.95 kmpl,1248 CC,74 bhp,5,8.34 Lakh,3.75
Renault KWID RXL,Kochi,2019,7858,Petrol,Manual,First,25.17 kmpl,799 CC,53.3 bhp,5,4.04 Lakh,3.8
Maruti Celerio VXI AMT,Kolkata,2016,30000,Petrol,Automatic,First,23.1 kmpl,998 CC,67.04 bhp,5,5.77 Lakh,3.8
Maruti Celerio CNG VXI MT,Delhi,2015,64687,CNG,Manual,First,31.79 km/kg,998 CC,58.33 bhp,5,5.87 Lakh,3.8
Maruti Wagon R VXI,Jaipur,2017,35362,Petrol,Manual,First,22.5 kmpl,998 CC,67.04 bhp,5,5.44 Lakh,3.85
Toyota Etios Liva 1.4 GD,Delhi,2013,84000,Diesel,Manual,First,23.59 kmpl,1364 CC,67.04 bhp,5,7.83 Lakh,3.85
Honda City i-VTEC V,Kolkata,2011,32572,Petrol,Manual,First,17.4 kmpl,1497 CC,117.3 bhp,5,11.74 Lakh,3.87
Maruti Wagon R CNG LXI,Pune,2014,29202,CNG,Manual,First,33.54 km/kg,998 CC,67.04 bhp,5,5.54 Lakh,3.9
Toyota Etios Liva 1.2 G,Ahmedabad,2014,53000,Petrol,Manual,First,17.71 kmpl,1197 CC,78.9 bhp,5,6.41 Lakh,3.9
Tata Zest Revotron 1.2T XMS,Pune,2014,23500,Petrol,Manual,Second,17.57 kmpl,1193 CC,88.7 bhp,5,7.7 Lakh,3.9
Maruti Eeco 5 Seater AC,Coimbatore,2017,38053,Petrol,Manual,First,15.1 kmpl,1196 CC,73 bhp,5,5.13 Lakh,3.91
Maruti Celerio VXI AMT,Mumbai,2016,47691,Petrol,Automatic,First,23.1 kmpl,998 CC,67.04 bhp,5,6.08 Lakh,3.94
Maruti Wagon R VXI AMT,Kolkata,2017,17000,Petrol,Automatic,First,22.5 kmpl,998 CC,67 bhp,5,5.8 Lakh,3.95
Honda Brio 1.2 S MT,Mumbai,2015,22000,Petrol,Manual,First,18.5 kmpl,1198 CC,86.8 bhp,5,6.23 Lakh,3.95
Datsun GO Plus T Petrol,Pune,2017,32851,Petrol,Manual,First,19.83 kmpl,1198 CC,67 bhp,7,6.45 Lakh,3.95
Honda Brio 1.2 VX MT,Kochi,2014,41460,Petrol,Manual,First,18.5 kmpl,1198 CC,86.8 bhp,5,6.63 Lakh,3.95
Tata Zest Revotron 1.2 XT,Mumbai,2014,40000,Petrol,Manual,First,17.57 kmpl,1193 CC,88.7 bhp,5,8.56 Lakh,3.95
Tata Tiago 1.2 Revotron XM Option,Chennai,2016,5400,Petrol,Manual,First,23.84 kmpl,1199 CC,84 bhp,5,5.45 Lakh,3.98
Nissan Sunny XV D,Chennai,2012,70000,Diesel,Manual,Second,22.71 kmpl,1461 CC,84.8 bhp,5,11.48 Lakh,4
Honda City i-VTEC V,Delhi,2011,67031,Petrol,Manual,First,17.4 kmpl,1497 CC,117.3 bhp,5,11.85 Lakh,4
Toyota Corolla Altis 1.8 G CVT,Delhi,2010,109703,Petrol,Automatic,Second,14.28 kmpl,1798 CC,138.03 bhp,5,20.46 Lakh,4
Maruti Alto K10 LXI CNG Optional,Kochi,2018,44202,CNG,Manual,First,32.26 km/kg,998 CC,58.2 bhp,4,4.66 Lakh,4
Nissan Micra Active XV,Pune,2018,24000,Petrol,Manual,First,19.69 kmpl,1198 CC,67.04 bhp,5,6.99 Lakh,4
Tata Zest Revotron 1.2T XM,Mumbai,2016,43706,Petrol,Manual,First,17.57 kmpl,1193 CC,88.7 bhp,5,7.63 Lakh,4
Tata Zest Revotron 1.2T XMS,Chennai,2015,40000,Petrol,Manual,First,17.57 kmpl,1193 CC,88.7 bhp,5,7.69 Lakh,4
Tata Bolt Revotron XT,Chennai,2016,10000,Petrol,Manual,First,17.57 kmpl,1193 CC,88.7 bhp,5,7.77 Lakh,4
Maruti Dzire VDI,Hyderabad,2011,110000,Diesel,Manual,First,28.4 kmpl,1248 CC,73.75 bhp,5,9.14 Lakh,4
Skoda Rapid 1.5 TDI Ambition,Mumbai,2012,54500,Diesel,Manual,First,21.13 kmpl,1498 CC,108.4 bhp,5,13.72 Lakh,4.1
Maruti Wagon R VXI 1.2,Kochi,2015,49818,Petrol,Manual,First,21.5 kmpl,1197 CC,81.80 bhp,5,5.44 Lakh,4.11
Maruti Wagon R VXI AMT,Mumbai,2016,8000,Petrol,Automatic,First,22.5 kmpl,998 CC,67 bhp,5,6.14 Lakh,4.15
Hyundai Xcent 1.2 CRDi S,Kolkata,2017,51000,Diesel,Manual,First,25.4 kmpl,1186 CC,73.97 bhp,5,8.23 Lakh,4.2
Hyundai Verna VTVT 1.6 AT SX Plus,Mumbai,2012,75059,Petrol,Automatic,First,17.0 kmpl,1591 CC,121.3 bhp,5,13.7 Lakh,4.25
Renault KWID Climber 1.0 MT,Delhi,2017,15000,Petrol,Manual,First,21.7 kmpl,999 CC,67 bhp,5,4.98 Lakh,4.25
Maruti Wagon R VXI AMT,Delhi,2016,30000,Petrol,Automatic,First,22.5 kmpl,998 CC,67 bhp,5,5.68 Lakh,4.25
Nissan Micra Active XV,Ahmedabad,2016,41000,Petrol,Manual,First,19.69 kmpl,1198 CC,67.04 bhp,5,6.78 Lakh,4.25
Tata Zest Revotron 1.2T XE,Mumbai,2017,100000,Petrol,Manual,First,17.57 kmpl,1193 CC,88.7 bhp,5,6.83 Lakh,4.25
Hyundai Grand i10 1.2 CRDi Sportz,Delhi,2015,59261,Diesel,Manual,First,24.0 kmpl,1186 CC,73.97 bhp,5,8.18 Lakh,4.25
Maruti Dzire VDI,Mumbai,2012,74000,Diesel,Manual,Second,28.4 kmpl,1248 CC,73.75 bhp,5,8.94 Lakh,4.25
Renault KWID 1.0 RXT Optional AMT,Coimbatore,2017,53285,Petrol,Automatic,First,22.5 kmpl,999 CC,67 bhp,5,5.42 Lakh,4.28
Renault KWID RXT Optional,Mumbai,2018,1617,Petrol,Manual,First,25.17 kmpl,799 CC,53.3 bhp,5,4.78 Lakh,4.29
Mahindra Bolero SLE,Hyderabad,2012,75000,Diesel,Manual,First,15.96 kmpl,2523 CC,62.1 bhp,7,10.32 Lakh,4.3
Maruti Eeco 7 Seater Standard,Coimbatore,2016,42225,Petrol,Manual,First,15.1 kmpl,1196 CC,73 bhp,7,4.98 Lakh,4.3
Maruti Celerio ZXI MT,Bangalore,2015,48808,Petrol,Manual,First,23.1 kmpl,998 CC,67.04 bhp,5,6.05 Lakh,4.3
Hyundai Grand i10 1.2 Kappa Sportz,Ahmedabad,2015,20780,Petrol,Manual,First,18.9 kmpl,1197 CC,81.86 bhp,5,6.82 Lakh,4.3
Maruti Wagon R VXI,Coimbatore,2015,72599,Petrol,Manual,First,22.5 kmpl,998 CC,67.04 bhp,5,5.72 Lakh,4.32
Hyundai Grand i10 1.2 Kappa Asta,Bangalore,2014,61325,Petrol,Manual,First,18.9 kmpl,1197 CC,81.86 bhp,5,8.1 Lakh,4.4
Renault KWID 1.0 RXT Optional AMT,Kochi,2017,53105,Petrol,Automatic,First,22.5 kmpl,999 CC,67 bhp,5,4.93 Lakh,4.41
Renault KWID RXT Optional,Hyderabad,2018,1900,Petrol,Manual,First,25.17 kmpl,799 CC,53.3 bhp,5,4.8 Lakh,4.45
Maruti Wagon R VXI AMT,Mumbai,2018,1997,Petrol,Automatic,First,22.5 kmpl,998 CC,67 bhp,5,6.14 Lakh,4.45
Toyota Corolla Altis 1.8 G,Mumbai,2010,93000,Petrol,Manual,First,14.28 kmpl,1798 CC,138.03 bhp,5,19.39 Lakh,4.5
Renault KWID 1.0 RXT Optional,Kochi,2018,18335,Petrol,Manual,First,21.7 kmpl,999 CC,67 bhp,5,4.61 Lakh,4.5
Maruti Wagon R VXI,Jaipur,2017,39867,Petrol,Manual,First,22.5 kmpl,998 CC,67.04 bhp,5,5.44 Lakh,4.5
Renault KWID Climber 1.0 AMT,Chennai,2018,14000,Petrol,Automatic,First,22.5 kmpl,999 CC,67 bhp,5,5.67 Lakh,4.5
Tata Zest Revotron 1.2T XE,Delhi,2017,47000,Petrol,Manual,Second,17.57 kmpl,1193 CC,88.7 bhp,5,6.62 Lakh,4.5
Tata Zest Revotron 1.2T XE,Pune,2017,70000,Petrol,Manual,First,17.57 kmpl,1193 CC,88.7 bhp,5,6.67 Lakh,4.5
Mahindra KUV 100 G80 K6 Plus 5Str,Kolkata,2017,43000,Petrol,Manual,First,18.15 kmpl,1198 CC,82 bhp,5,7.35 Lakh,4.5
Honda Amaze S Petrol,Jaipur,2014,69000,Petrol,Manual,First,19.5 kmpl,1199 CC,88.76 bhp,5,7.52 Lakh,4.5
Maruti Dzire VXI,Pune,2013,74000,Petrol,Manual,First,22.0 kmpl,1197 CC,81.80 bhp,5,7.67 Lakh,4.5
Maruti Swift VDI,Pune,2014,115000,Diesel,Manual,First,28.4 kmpl,1248 CC,74 bhp,5,8.26 Lakh,4.5
Honda Jazz V,Chennai,2011,46000,Petrol,Manual,First,18.2 kmpl,1199 CC,88.7 bhp,5,8.61 Lakh,4.5
Tata Zest Revotron 1.2T XM,Kochi,2015,39208,Petrol,Manual,First,17.57 kmpl,1193 CC,88.7 bhp,5,7.63 Lakh,4.52
Toyota Etios Liva 1.2 G,Coimbatore,2015,64005,Petrol,Manual,First,17.71 kmpl,1197 CC,78.9 bhp,5,6.41 Lakh,4.57
Maruti Celerio CNG VXI MT,Kochi,2016,70536,CNG,Manual,First,31.79 km/kg,998 CC,58.33 bhp,5,5.87 Lakh,4.58
Tata Zest Quadrajet 1.3 75PS XE,Hyderabad,2016,125000,Diesel,Manual,First,22.95 kmpl,1248 CC,74 bhp,5,8.09 Lakh,4.6
Nissan Micra XV CVT,Mumbai,2015,34895,Petrol,Automatic,First,19.15 kmpl,1198 CC,75.94 bhp,5,9.47 Lakh,4.6
Tata Zest Revotron 1.2T XM,Kochi,2017,48198,Petrol,Manual,First,17.57 kmpl,1193 CC,88.7 bhp,5,7.63 Lakh,4.65
Maruti Dzire ZDI,Ahmedabad,2013,56454,Diesel,Manual,First,28.4 kmpl,1248 CC,73.75 bhp,5,8.95 Lakh,4.65
Skoda Rapid 1.6 MPI Ambition,Mumbai,2015,39822,Petrol,Manual,First,15.41 kmpl,1598 CC,103.52 bhp,5,12.02 Lakh,4.68
Nissan Sunny XE P,Coimbatore,2012,50297,Petrol,Manual,First,16.95 kmpl,1498 CC,97.6 bhp,5,8.55 Lakh,4.69
Maruti Eeco 7 Seater Standard,Coimbatore,2017,28371,Petrol,Manual,First,15.1 kmpl,1196 CC,73 bhp,7,4.98 Lakh,4.74
Hyundai Grand i10 1.2 Kappa Magna,Delhi,2017,46000,Petrol,Manual,First,18.9 kmpl,1197 CC,81.86 bhp,5,6.54 Lakh,4.75
Maruti Swift VDI,Delhi,2014,27365,Diesel,Manual,First,28.4 kmpl,1248 CC,74 bhp,5,7.88 Lakh,4.75
Honda Amaze VX Petrol,Mumbai,2014,21000,Petrol,Manual,First,19.5 kmpl,1199 CC,86.76 bhp,5,8.99 Lakh,4.75
Hyundai Grand i10 1.2 Kappa Magna,Kochi,2018,50234,Petrol,Manual,First,18.9 kmpl,1197 CC,81.86 bhp,5,6.32 Lakh,4.77
Renault KWID Climber 1.0 MT,Hyderabad,2018,4126,Petrol,Manual,First,21.7 kmpl,999 CC,67 bhp,5,5.3 Lakh,4.8
Hyundai Grand i10 1.2 Kappa Magna,Kolkata,2018,4500,Petrol,Manual,First,18.9 kmpl,1197 CC,81.86 bhp,5,6.4 Lakh,4.8
Tata Tiago 1.2 Revotron XZ,Hyderabad,2017,22000,Petrol,Manual,First,23.84 kmpl,1199 CC,84 bhp,5,6.42 Lakh,4.8
Tata Zest Revotron 1.2T XE,Kolkata,2017,65000,Petrol,Manual,First,17.57 kmpl,1193 CC,88.7 bhp,5,6.59 Lakh,4.8
Mahindra Xylo H4,Chennai,2015,82000,Diesel,Manual,Second,14.02 kmpl,2179 CC,118.3 bhp,7,11.67 Lakh,4.85
Maruti Ertiga ZDI,Delhi,2013,68000,Diesel,Manual,First,25.47 kmpl,1248 CC,88.50 bhp,7,11.75 Lakh,4.85
Honda Jazz VX,Delhi,2015,62178,Petrol,Manual,First,18.2 kmpl,1199 CC,88.7 bhp,5,8.85 Lakh,4.85
Hyundai Grand i10 1.2 Kappa Sportz,Coimbatore,2016,29091,Petrol,Manual,First,18.9 kmpl,1197 CC,81.86 bhp,5,6.82 Lakh,4.87
Hyundai Grand i10 1.2 Kappa Magna,Delhi,2017,12248,Petrol,Manual,First,18.9 kmpl,1197 CC,81.86 bhp,5,6.54 Lakh,4.9
Hyundai Grand i10 1.2 CRDi Magna,Kolkata,2017,14000,Diesel,Manual,First,24.0 kmpl,1186 CC,73.97 bhp,5,7.46 Lakh,4.9
Toyota Etios Cross 1.4L VD,Jaipur,2014,62322,Diesel,Manual,First,23.59 kmpl,1364 CC,67.06 bhp,5,9.55 Lakh,4.9
Volkswagen Polo 1.5 TDI Comfortline,Jaipur,2015,66000,Diesel,Manual,First,20.14 kmpl,1498 CC,88 bhp,5,9.56 Lakh,4.91
Toyota Corolla Altis 1.8 GL,Chennai,2009,32000,Petrol,Manual,Second,14.28 kmpl,1798 CC,138.03 bhp,5,22.66 Lakh,4.95
Maruti Dzire VDI,Jaipur,2013,77084,Diesel,Manual,First,28.4 kmpl,1248 CC,73.75 bhp,5,8.75 Lakh,4.95
Renault KWID Climber 1.0 AMT,Coimbatore,2018,38171,Petrol,Automatic,Second,22.5 kmpl,999 CC,67 bhp,5,5.72 Lakh,4.99
Mahindra Xylo D4,Hyderabad,2015,169000,Diesel,Manual,First,14.95 kmpl,2489 CC,93.7 bhp,7,11.69 Lakh,5
Maruti Celerio VXI Optional AMT,Pune,2017,7500,Petrol,Automatic,First,23.1 kmpl,998 CC,67.04 bhp,5,6.14 Lakh,5
Tata Tiago 1.2 Revotron XZ WO Alloy,Hyderabad,2017,16500,Petrol,Manual,First,23.84 kmpl,1199 CC,84 bhp,5,6.29 Lakh,5
Hyundai Grand i10 1.2 Kappa Magna,Kolkata,2017,31184,Petrol,Manual,First,18.9 kmpl,1197 CC,81.86 bhp,5,6.4 Lakh,5
Hyundai Grand i10 1.2 Kappa Magna,Delhi,2017,8471,Petrol,Manual,First,18.9 kmpl,1197 CC,81.86 bhp,5,6.54 Lakh,5
Hyundai Xcent 1.2 VTVT E,Pune,2018,40000,Petrol,Manual,First,20.14 kmpl,1197 CC,81.86 bhp,5,6.71 Lakh,5
Tata Tiago AMT 1.2 Revotron XZA,Pune,2018,2000,Petrol,Automatic,First,23.84 kmpl,1199 CC,83.83 bhp,5,6.94 Lakh,5
Tata Zest Revotron 1.2 XT,Kolkata,2015,7445,Petrol,Manual,First,17.57 kmpl,1193 CC,88.7 bhp,5,8.09 Lakh,5
Hyundai Xcent 1.2 CRDi S,Kolkata,2016,26000,Diesel,Manual,First,25.4 kmpl,1186 CC,73.97 bhp,5,8.23 Lakh,5
Tata Zest Quadrajet 1.3 75PS XM,Pune,2017,72000,Diesel,Manual,First,22.95 kmpl,1248 CC,74 bhp,5,8.93 Lakh,5
Hyundai Grand i10 1.2 Kappa Sportz,Kochi,2016,28147,Petrol,Manual,First,18.9 kmpl,1197 CC,81.86 bhp,5,6.62 Lakh,5.07
Renault KWID RXT Optional,Kochi,2019,6568,Petrol,Manual,First,25.17 kmpl,799 CC,53.3 bhp,5,4.78 Lakh,5.09
Maruti Swift VXI,Mumbai,2016,23555,Petrol,Manual,First,22.0 kmpl,1197 CC,81.80 bhp,5,7 Lakh,5.1
Maruti Swift VDI,Jaipur,2015,63310,Diesel,Manual,First,28.4 kmpl,1248 CC,74 bhp,5,8.13 Lakh,5.1
Tata Tiago 1.2 Revotron XT,Kochi,2017,15386,Petrol,Manual,First,23.84 kmpl,1199 CC,84 bhp,5,5.56 Lakh,5.11
Maruti Celerio ZXI MT,Kochi,2017,21799,Petrol,Manual,First,23.1 kmpl,998 CC,67.04 bhp,5,5.69 Lakh,5.11
Maruti Swift LDI,Jaipur,2015,39437,Diesel,Manual,First,28.4 kmpl,1248 CC,74 bhp,5,7.01 Lakh,5.15
Maruti Swift VDI,Kochi,2016,62192,Diesel,Manual,First,28.4 kmpl,1248 CC,74 bhp,5,7.88 Lakh,5.22
Maruti Wagon R VXI AMT,Coimbatore,2017,37832,Petrol,Automatic,First,22.5 kmpl,998 CC,67 bhp,5,6.33 Lakh,5.23
Hyundai Verna VTVT 1.6 SX Option,Delhi,2013,57478,Petrol,Manual,Second,17.0 kmpl,1591 CC,121.3 bhp,5,13.59 Lakh,5.25
Hyundai Verna CRDi 1.6 AT SX Plus,Bangalore,2012,79000,Diesel,Automatic,First,22.0 kmpl,1582 CC,126.2 bhp,5,16.6 Lakh,5.25
Maruti Celerio ZXI AMT,Coimbatore,2017,35225,Petrol,Automatic,First,23.1 kmpl,998 CC,67.04 bhp,5,6.56 Lakh,5.25
Maruti Swift LDI,Mumbai,2015,14000,Diesel,Manual,First,28.4 kmpl,1248 CC,74 bhp,5,7.13 Lakh,5.25
Tata Bolt Quadrajet XE,Hyderabad,2017,40000,Diesel,Manual,First,22.95 kmpl,1248 CC,74 bhp,5,7.43 Lakh,5.25
Tata Zest Quadrajet 1.3 75PS XE,Pune,2018,45000,Diesel,Manual,First,22.95 kmpl,1248 CC,74 bhp,5,8.34 Lakh,5.25
Maruti Dzire VDI,Kolkata,2015,28193,Diesel,Manual,First,28.4 kmpl,1248 CC,73.75 bhp,5,8.36 Lakh,5.25
Tata Zest Revotron 1.2 XT,Coimbatore,2015,27000,Petrol,Manual,First,17.57 kmpl,1193 CC,88.7 bhp,5,8.69 Lakh,5.27
Maruti Wagon R VXI,Kochi,2019,31817,Petrol,Manual,First,22.5 kmpl,998 CC,67.04 bhp,5,5.12 Lakh,5.34
Maruti Swift VDI,Kochi,2015,53500,Diesel,Manual,First,28.4 kmpl,1248 CC,74 bhp,5,7.88 Lakh,5.36
Volkswagen Vento 1.5 TDI Comfortline,Coimbatore,2014,56658,Diesel,Manual,First,20.64 kmpl,1498 CC,108.5 bhp,5,12.14 Lakh,5.39
Nissan Sunny XV CVT,Kochi,2013,37199,Petrol,Automatic,First,17.5 kmpl,1498 CC,99.6 bhp,5,11.33 Lakh,5.43
Hyundai Grand i10 1.2 CRDi Asta,Kochi,2015,81828,Diesel,Manual,First,24.0 kmpl,1186 CC,73.97 bhp,5,8.68 Lakh,5.43
Nissan Terrano XV D Pre,Mumbai,2013,60000,Diesel,Manual,Second,19.64 kmpl,1461 CC,108.5 bhp,5,17.21 Lakh,5.45
Honda Amaze V Petrol,Kochi,2016,40866,Petrol,Manual,First,19.5 kmpl,1199 CC,86.76 bhp,5,8.16 Lakh,5.47
Honda City i-DTEC SV,Kolkata,2015,39000,Diesel,Manual,First,25.6 kmpl,1498 CC,98.6 bhp,5,12.23 Lakh,5.49
Maruti Dzire VXI,Hyderabad,2013,34900,Petrol,Manual,First,22.0 kmpl,1197 CC,81.80 bhp,5,7.97 Lakh,5.49
Mahindra Bolero ZLX,Jaipur,2013,63000,Diesel,Manual,First,15.96 kmpl,2523 CC,62.1 bhp,7,11.15 Lakh,5.5
Hyundai Verna CRDi 1.6 SX Option,Mumbai,2013,79225,Diesel,Manual,First,22.0 kmpl,1582 CC,126.2 bhp,5,15.57 Lakh,5.5
Maruti Ignis 1.2 Delta,Kochi,2019,12076,Petrol,Manual,First,20.89 kmpl,1197 CC,81.80 bhp,5,5.9 Lakh,5.5
Tata Tigor XE Diesel,Ahmedabad,2017,16235,Diesel,Manual,First,24.7 kmpl,1047 CC,69 bhp,5,7.15 Lakh,5.5
Volkswagen Polo 1.0 MPI Comfortline,Chennai,2016,42000,Petrol,Manual,Second,18.78 kmpl,999 CC,75 bhp,5,7.33 Lakh,5.5
Hyundai Grand i10 1.2 Kappa Sportz,Coimbatore,2014,33496,Petrol,Manual,First,18.9 kmpl,1197 CC,81.86 bhp,5,7.45 Lakh,5.5
Hyundai Xcent 1.2 VTVT S,Bangalore,2014,54000,Petrol,Manual,First,20.14 kmpl,1197 CC,81.86 bhp,5,7.85 Lakh,5.5
Mahindra KUV 100 G80 K8 Dual Tone,Delhi,2018,42000,Petrol,Manual,First,18.15 kmpl,1198 CC,82 bhp,6,7.96 Lakh,5.5
Maruti Dzire AMT VXI,Chennai,2017,42000,Petrol,Automatic,First,22.0 kmpl,1197 CC,81.80 bhp,5,8.13 Lakh,5.5
Maruti Dzire VDI,Hyderabad,2013,68434,Diesel,Manual,First,28.4 kmpl,1248 CC,73.75 bhp,5,9.14 Lakh,5.5
Hyundai Grand i10 1.2 Kappa Magna,Kochi,2018,46493,Petrol,Manual,First,18.9 kmpl,1197 CC,81.86 bhp,5,6.32 Lakh,5.53
Hyundai Grand i10 1.2 Kappa Sportz,Mumbai,2018,3958,Petrol,Manual,First,18.9 kmpl,1197 CC,81.86 bhp,5,7.14 Lakh,5.55
Maruti Celerio ZXI Optional AMT,Kochi,2018,12278,Petrol,Automatic,First,23.1 kmpl,998 CC,67.04 bhp,5,5.95 Lakh,5.63
Volkswagen Polo 1.5 TDI Highline,Coimbatore,2014,52951,Diesel,Manual,First,20.14 kmpl,1498 CC,88 bhp,5,10.32 Lakh,5.65
Nissan Terrano XL D Option,Mumbai,2014,51000,Diesel,Manual,First,19.87 kmpl,1461 CC,83.14 bhp,5,15.06 Lakh,5.65
Ford Aspire Ambiente Diesel,Kolkata,2018,17000,Diesel,Manual,First,26.1 kmpl,1498 CC,99 bhp,5,7.56 Lakh,5.65
Maruti Swift VDI,Hyderabad,2013,84000,Diesel,Manual,First,28.4 kmpl,1248 CC,74 bhp,5,8.44 Lakh,5.65
Hyundai Grand i10 1.2 Kappa Asta,Kochi,2017,51223,Petrol,Manual,First,18.9 kmpl,1197 CC,81.86 bhp,5,7.48 Lakh,5.66
Volkswagen Polo 1.0 MPI Trendline,Hyderabad,2019,1000,Petrol,Manual,First,18.78 kmpl,999 CC,75 bhp,5,6.74 Lakh,5.68
Honda Amaze S Petrol,Kochi,2016,51672,Petrol,Manual,First,19.5 kmpl,1199 CC,88.76 bhp,5,7.55 Lakh,5.68
Honda City i-VTEC V,Delhi,2014,55818,Petrol,Manual,Second,17.4 kmpl,1497 CC,117.3 bhp,5,11.85 Lakh,5.7
Maruti Ignis 1.2 Alpha,Mumbai,2017,7000,Petrol,Manual,First,20.89 kmpl,1197 CC,81.80 bhp,5,7.87 Lakh,5.7
Maruti Baleno Zeta CVT,Kolkata,2016,20000,Petrol,Automatic,First,21.4 kmpl,1197 CC,83.1 bhp,5,9.04 Lakh,5.74
Honda City i-VTEC VX,Ahmedabad,2012,34000,Petrol,Manual,First,17.4 kmpl,1497 CC,117.3 bhp,5,12.68 Lakh,5.75
Hyundai Grand i10 1.2 Kappa Sportz,Delhi,2018,9434,Petrol,Manual,First,18.9 kmpl,1197 CC,81.86 bhp,5,6.71 Lakh,5.75
Volkswagen Ameo 1.2 MPI Highline,Ahmedabad,2016,34005,Petrol,Manual,First,17.0 kmpl,1198 CC,73.75 bhp,5,8.09 Lakh,5.75
Maruti Dzire VDI,Delhi,2016,45376,Diesel,Manual,First,28.4 kmpl,1248 CC,73.75 bhp,5,8.58 Lakh,5.75
Toyota Etios Cross 1.4L VD,Bangalore,2014,57464,Diesel,Manual,First,23.59 kmpl,1364 CC,67.06 bhp,5,9.99 Lakh,5.75
Hyundai Verna VTVT 1.6 SX,Kochi,2012,32542,Petrol,Manual,First,17.0 kmpl,1591 CC,121.3 bhp,5,11.67 Lakh,5.77
Nissan Terrano XL D Option,Hyderabad,2013,65280,Diesel,Manual,First,19.87 kmpl,1461 CC,83.14 bhp,5,14.72 Lakh,5.8
Maruti Baleno Delta,Mumbai,2016,12573,Petrol,Manual,First,21.4 kmpl,1197 CC,83.1 bhp,5,7.36 Lakh,5.8
Volkswagen Ameo 1.5 TDI Comfortline,Jaipur,2016,58095,Diesel,Manual,First,21.66 kmpl,1498 CC,108.62 bhp,5,9.19 Lakh,5.8
Tata Zest Quadrajet 1.3 XT,Bangalore,2017,27768,Diesel,Manual,First,20.65 kmpl,1248 CC,88.7 bhp,5,10.06 Lakh,5.85
Mahindra Xylo H4,Coimbatore,2016,93166,Diesel,Manual,Second,14.02 kmpl,2179 CC,118.3 bhp,7,11.67 Lakh,5.85
Tata Tiago 1.2 Revotron XT Option,Coimbatore,2019,16698,Petrol,Manual,First,23.84 kmpl,1199 CC,84 bhp,5,6.21 Lakh,5.85
Hyundai Grand i10 1.2 Kappa Sportz,Jaipur,2018,10000,Petrol,Manual,First,18.9 kmpl,1197 CC,81.86 bhp,5,6.96 Lakh,5.85
Nissan Micra XV CVT,Coimbatore,2017,54387,Petrol,Automatic,First,19.15 kmpl,1198 CC,75.94 bhp,5,9.51 Lakh,5.85
Hyundai Grand i10 1.2 Kappa Sportz,Coimbatore,2017,38712,Petrol,Manual,First,18.9 kmpl,1197 CC,81.86 bhp,5,7.45 Lakh,5.87
Tata Tiago 1.2 Revotron XZ,Coimbatore,2018,9565,Petrol,Manual,First,23.84 kmpl,1199 CC,84 bhp,5,6.59 Lakh,5.88
Hyundai Grand i10 1.2 Kappa Asta,Coimbatore,2016,37429,Petrol,Manual,First,18.9 kmpl,1197 CC,81.86 bhp,5,8.1 Lakh,5.89
Hyundai Verna CRDi 1.6 AT SX Option,Ahmedabad,2013,87000,Diesel,Automatic,First,22.0 kmpl,1582 CC,126.2 bhp,5,15.72 Lakh,5.9
Maruti Dzire LDI,Pune,2018,27000,Diesel,Manual,First,28.4 kmpl,1248 CC,73.75 bhp,5,7.91 Lakh,5.9
Hyundai Xcent 1.2 CRDi S,Jaipur,2018,25302,Diesel,Manual,First,25.4 kmpl,1186 CC,73.97 bhp,5,8.56 Lakh,5.9
Honda Jazz V,Mumbai,2016,31378,Petrol,Manual,First,18.2 kmpl,1199 CC,88.7 bhp,5,8.71 Lakh,5.9
Hyundai Grand i10 1.2 CRDi Sportz,Kochi,2017,20773,Diesel,Manual,First,24.0 kmpl,1186 CC,73.97 bhp,5,8.17 Lakh,5.92
Maruti Swift LDI,Hyderabad,2016,52000,Diesel,Manual,First,28.4 kmpl,1248 CC,74 bhp,5,7.27 Lakh,5.95
Hyundai Grand i10 1.2 CRDi Sportz,Chennai,2018,48000,Diesel,Manual,First,24.0 kmpl,1186 CC,73.97 bhp,5,8.28 Lakh,5.95
Hyundai Grand i10 1.2 Kappa Asta,Hyderabad,2017,20000,Petrol,Manual,First,18.9 kmpl,1197 CC,81.86 bhp,5,7.82 Lakh,5.98
Hyundai Grand i10 1.2 Kappa Asta,Hyderabad,2017,22500,Petrol,Manual,First,18.9 kmpl,1197 CC,81.86 bhp,5,7.82 Lakh,5.99
Honda Brio 1.2 VX AT,Mumbai,2017,20000,Petrol,Automatic,First,16.5 kmpl,1198 CC,86.8 bhp,5,8.05 Lakh,5.99
Honda Amaze S Diesel,Hyderabad,2015,29000,Diesel,Manual,First,27.4 kmpl,1498 CC,98.6 bhp,5,9.09 Lakh,5.99
Mahindra Bolero ZLX,Jaipur,2012,105000,Diesel,Manual,Second,15.96 kmpl,2523 CC,62.1 bhp,7,11.15 Lakh,6
Maruti Dzire LDI,Pune,2017,48000,Diesel,Manual,First,28.4 kmpl,1248 CC,73.75 bhp,5,7.91 Lakh,6
Tata Bolt Quadrajet XM,Hyderabad,2017,98500,Diesel,Manual,First,22.95 kmpl,1248 CC,74 bhp,5,7.97 Lakh,6
Ford Freestyle Titanium Petrol,Mumbai,2007,1261,Petrol,Manual,First,19.0 kmpl,1194 CC,94.68 bhp,5,8.12 Lakh,6
Ford Aspire Titanium Diesel,Kolkata,2017,60048,Diesel,Manual,First,26.1 kmpl,1498 CC,99 bhp,5,8.91 Lakh,6
Ford EcoSport 1.5 Petrol Trend,Kolkata,2016,21460,Petrol,Manual,First,17.0 kmpl,1497 CC,121.36 bhp,5,9.47 Lakh,6
Toyota Platinum Etios 1.4 GXD,Hyderabad,2015,150000,Diesel,Manual,First,23.59 kmpl,1364 CC,67.05 bhp,5,9.58 Lakh,6
Hyundai Verna CRDi 1.6 SX Option,Kochi,2014,89614,Diesel,Manual,First,22.0 kmpl,1582 CC,126.2 bhp,5,15.57 Lakh,6.01
Hyundai Grand i10 1.2 Kappa Asta,Coimbatore,2016,43041,Petrol,Manual,First,18.9 kmpl,1197 CC,81.86 bhp,5,8.1 Lakh,6.01
Hyundai Grand i10 1.2 Kappa Sportz,Kochi,2018,10393,Petrol,Manual,First,18.9 kmpl,1197 CC,81.86 bhp,5,6.62 Lakh,6.03
Maruti Ignis 1.2 Delta,Coimbatore,2019,16862,Petrol,Manual,First,20.89 kmpl,1197 CC,81.80 bhp,5,6.07 Lakh,6.06
Hyundai Grand i10 1.2 Kappa Sportz,Kochi,2018,20689,Petrol,Manual,First,18.9 kmpl,1197 CC,81.86 bhp,5,6.68 Lakh,6.07
Hyundai Grand i10 1.2 Kappa Asta,Coimbatore,2017,62788,Petrol,Manual,First,18.9 kmpl,1197 CC,81.86 bhp,5,8.1 Lakh,6.08
Mahindra Xylo D4,Chennai,2016,85000,Diesel,Manual,First,14.95 kmpl,2489 CC,93.7 bhp,7,11.67 Lakh,6.15
Hyundai Grand i10 1.2 Kappa Sportz,Kochi,2019,18453,Petrol,Manual,First,18.9 kmpl,1197 CC,81.86 bhp,5,6.68 Lakh,6.17
Hyundai Xcent 1.2 VTVT S,Coimbatore,2015,65743,Petrol,Manual,First,20.14 kmpl,1197 CC,81.86 bhp,5,7.85 Lakh,6.2
Hyundai Grand i10 1.2 Kappa Magna AT,Bangalore,2018,3000,Petrol,Automatic,First,18.9 kmpl,1197 CC,81.86 bhp,5,7.98 Lakh,6.2
Honda Jazz VX Diesel,Mumbai,2016,38000,Diesel,Manual,First,27.3 kmpl,1498 CC,98.6 bhp,5,11.15 Lakh,6.21
Toyota Corolla Altis 1.8 GL,Kochi,2012,83184,Petrol,Manual,First,14.28 kmpl,1798 CC,138.03 bhp,5,21.69 Lakh,6.22
Maruti Swift VDI,Kochi,2017,34613,Diesel,Manual,First,28.4 kmpl,1248 CC,74 bhp,5,7.92 Lakh,6.24
Nissan Terrano XL D Option,Kochi,2015,58817,Diesel,Manual,First,19.87 kmpl,1461 CC,83.14 bhp,5,15.06 Lakh,6.25
Maruti Wagon R ZXI AMT 1.2,Mumbai,2019,600,Petrol,Automatic,First,21.5 kmpl,1197 CC,81.80 bhp,5,6.8 Lakh,6.25
Mahindra KUV 100 G80 K8,Jaipur,2018,15900,Petrol,Manual,First,18.15 kmpl,1198 CC,82 bhp,6,7.88 Lakh,6.25
Honda City i-VTEC VX,Coimbatore,2013,38622,Petrol,Manual,First,17.4 kmpl,1497 CC,117.3 bhp,5,12.68 Lakh,6.26
Hyundai Elite i20 Sportz Plus,Kochi,2017,37460,Petrol,Manual,First,18.6 kmpl,1197 CC,81.86 bhp,5,8.03 Lakh,6.28
Hyundai Grand i10 1.2 CRDi Sportz,Kochi,2018,32663,Diesel,Manual,First,24.0 kmpl,1186 CC,73.97 bhp,5,8.18 Lakh,6.28
Volkswagen Polo 1.5 TDI Highline,Kolkata,2016,22000,Diesel,Manual,First,20.14 kmpl,1498 CC,88 bhp,5,9.58 Lakh,6.29
Volkswagen Polo 1.5 TDI Highline,Hyderabad,2016,29647,Diesel,Manual,First,20.14 kmpl,1498 CC,88 bhp,5,10.15 Lakh,6.3
Honda Jazz V,Hyderabad,2015,37000,Petrol,Manual,First,18.2 kmpl,1199 CC,88.7 bhp,5,8.79 Lakh,6.3
Maruti Ignis 1.2 Alpha,Mumbai,2017,1000,Petrol,Manual,First,20.89 kmpl,1197 CC,81.80 bhp,5,7.87 Lakh,6.36
Maruti Baleno Delta,Kochi,2017,15134,Petrol,Manual,First,21.4 kmpl,1197 CC,83.1 bhp,5,7.36 Lakh,6.37
Volkswagen Ameo 1.5 TDI Highline,Mumbai,2017,51000,Diesel,Manual,First,21.66 kmpl,1498 CC,108.62 bhp,5,10.04 Lakh,6.45
Mahindra NuvoSport N6,Chennai,2017,29000,Diesel,Manual,Second,17.45 kmpl,1493 CC,100 bhp,7,10.52 Lakh,6.5
Renault Duster 85PS Diesel RxE,Pune,2016,54000,Diesel,Manual,First,19.87 kmpl,1461 CC,83.8 bhp,5,11.27 Lakh,6.5
Toyota Corolla Altis 1.4 DG,Ahmedabad,2012,52000,Diesel,Manual,First,21.43 kmpl,1364 CC,86.79 bhp,5,19.27 Lakh,6.5
Toyota Corolla Altis 1.4 DG,Ahmedabad,2012,52100,Diesel,Manual,First,21.43 kmpl,1364 CC,86.79 bhp,5,19.27 Lakh,6.5
Hyundai Grand i10 1.2 Kappa Asta,Kolkata,2019,1000,Petrol,Manual,First,18.9 kmpl,1197 CC,81.86 bhp,5,7.39 Lakh,6.5
Hyundai Grand i10 1.2 Kappa Asta,Delhi,2018,10000,Petrol,Manual,First,18.9 kmpl,1197 CC,81.86 bhp,5,7.54 Lakh,6.5
Maruti Vitara Brezza VDi,Kolkata,2017,35000,Diesel,Manual,First,24.3 kmpl,1248 CC,88.5 bhp,5,9.46 Lakh,6.5
Maruti Baleno Alpha Diesel,Kolkata,2016,29000,Diesel,Manual,First,27.39 kmpl,1248 CC,74 bhp,5,9.53 Lakh,6.5
Nissan Micra XV CVT,Coimbatore,2016,39882,Petrol,Automatic,First,19.15 kmpl,1198 CC,75.94 bhp,5,9.51 Lakh,6.55
BMW 3 Series 320d Luxury Line,Delhi,2019,87000,Diesel,Automatic,First,22.69 kmpl,1995 CC,190 bhp,5,52.46 Lakh,6.67
Maruti Dzire VDI,Kochi,2017,54758,Diesel,Manual,First,28.4 kmpl,1248 CC,73.75 bhp,5,8.58 Lakh,6.67
Tata Zest Quadrajet 1.3 XT,Coimbatore,2018,38310,Diesel,Manual,First,20.65 kmpl,1248 CC,88.7 bhp,5,10.06 Lakh,6.69
Volkswagen Ameo 1.2 MPI Highline,Kochi,2017,14576,Petrol,Manual,First,17.0 kmpl,1198 CC,73.75 bhp,5,8.38 Lakh,6.69
Honda Amaze V Petrol,Jaipur,2018,6000,Petrol,Manual,First,19.5 kmpl,1199 CC,86.76 bhp,5,8.18 Lakh,6.7
Toyota Etios Cross 1.4L GD,Kochi,2016,36681,Diesel,Manual,First,23.59 kmpl,1364 CC,67.06 bhp,5,8.82 Lakh,6.71
Volkswagen Ameo 1.5 TDI Highline,Pune,2016,20000,Diesel,Manual,First,21.66 kmpl,1498 CC,108.62 bhp,5,10.04 Lakh,6.75
Maruti Ertiga ZDI,Pune,2013,105000,Diesel,Manual,Second,25.47 kmpl,1248 CC,88.50 bhp,7,12.34 Lakh,6.75
Renault Duster 110PS Diesel RxZ AWD,Chennai,2012,80000,Diesel,Manual,First,19.72 kmpl,1461 CC,108.45 bhp,5,15.94 Lakh,6.75
Maruti Baleno Alpha,Mumbai,2016,12208,Petrol,Manual,First,21.4 kmpl,1197 CC,83.1 bhp,5,8.78 Lakh,6.75
Hyundai Grand i10 1.2 Kappa Magna AT,Kochi,2018,5354,Petrol,Automatic,First,18.9 kmpl,1197 CC,81.86 bhp,5,7.37 Lakh,6.76
Honda Jazz V,Kochi,2017,36973,Petrol,Manual,First,18.2 kmpl,1199 CC,88.7 bhp,5,8.71 Lakh,6.8
Hyundai Grand i10 1.2 Kappa Magna AT,Coimbatore,2019,12153,Petrol,Automatic,First,18.9 kmpl,1197 CC,81.86 bhp,5,7.98 Lakh,6.84
Hyundai i20 Active SX Petrol,Jaipur,2017,40250,Petrol,Manual,First,17.19 kmpl,1197 CC,81.86 bhp,5,9.74 Lakh,6.9
Volkswagen Polo 1.5 TDI Highline,Chennai,2017,25000,Diesel,Manual,First,20.14 kmpl,1498 CC,88 bhp,5,9.97 Lakh,6.9
Nissan Terrano XV D Pre,Kochi,2015,56066,Diesel,Manual,First,19.64 kmpl,1461 CC,108.5 bhp,5,16.65 Lakh,6.92
Tata Tiago 1.2 Revotron XZ,Coimbatore,2019,20712,Petrol,Manual,First,23.84 kmpl,1199 CC,84 bhp,5,6.59 Lakh,6.94
Honda Jazz V CVT,Mumbai,2017,17978,Petrol,Automatic,First,19.0 kmpl,1199 CC,88.7 bhp,5,10.1 Lakh,6.95
Maruti Baleno Alpha,Chennai,2016,16000,Petrol,Manual,First,21.4 kmpl,1197 CC,83.1 bhp,5,8.8 Lakh,6.95
Tata Tiago AMT 1.2 Revotron XZA,Coimbatore,2019,15379,Petrol,Automatic,First,23.84 kmpl,1199 CC,83.83 bhp,5,7.17 Lakh,6.97
Volkswagen Vento 1.6 Highline,Coimbatore,2014,55431,Petrol,Manual,Second,16.09 kmpl,1598 CC,103.5 bhp,5,12.33 Lakh,6.98
Maruti S-Cross Alpha DDiS 200 SH,Kolkata,2016,45296,Diesel,Manual,First,25.1 kmpl,1248 CC,88.5 bhp,5,12.53 Lakh,6.99
Maruti Ertiga VDI,Pune,2016,130000,Diesel,Manual,First,25.47 kmpl,1248 CC,88.50 bhp,7,11.27 Lakh,7
Volkswagen Vento 1.6 Comfortline,Mumbai,2017,15000,Petrol,Manual,Second,16.09 kmpl,1598 CC,103.5 bhp,5,11.48 Lakh,7.1
Toyota Corolla Altis 1.4 DG,Coimbatore,2013,63854,Diesel,Manual,First,21.43 kmpl,1364 CC,86.79 bhp,5,19.27 Lakh,7.12
Maruti Vitara Brezza LDi,Chennai,2016,45000,Diesel,Manual,First,24.3 kmpl,1248 CC,88.5 bhp,5,9.12 Lakh,7.15
Hyundai Verna VTVT 1.6 AT SX Option,Mumbai,2015,40600,Petrol,Automatic,First,17.0 kmpl,1591 CC,121.3 bhp,5,15.14 Lakh,7.2
Mahindra Bolero ZLX,Jaipur,2016,65000,Diesel,Manual,First,15.96 kmpl,2523 CC,62.1 bhp,7,11.15 Lakh,7.21
Ford Freestyle Titanium Plus Petrol,Jaipur,2018,1001,Petrol,Manual,First,19.0 kmpl,1194 CC,94.68 bhp,5,8.44 Lakh,7.23
Volkswagen Ameo 1.2 MPI Highline,Coimbatore,2017,22389,Petrol,Manual,First,17.0 kmpl,1198 CC,73.75 bhp,5,8.68 Lakh,7.23
Honda Jazz V CVT,Hyderabad,2015,33000,Petrol,Automatic,First,19.0 kmpl,1199 CC,88.7 bhp,5,10.17 Lakh,7.25
Volkswagen Polo GT TSI,Mumbai,2016,28000,Petrol,Automatic,First,17.21 kmpl,1197 CC,103.5 bhp,5,11.26 Lakh,7.25
Mahindra XUV300 W8 Diesel,Chennai,2012,97000,Diesel,Manual,First,20.0 kmpl,1497 CC,115 bhp,5,12.79 Lakh,7.25
Skoda Superb Style 1.8 TSI AT,Delhi,2013,80000,Petrol,Automatic,Second,14.67 kmpl,1798 CC,177.46 bhp,5,32.54 Lakh,7.25
Toyota Etios Liva 1.2 VX Dual Tone,Coimbatore,2019,20877,Petrol,Manual,First,18.16 kmpl,1197 CC,78.9 bhp,5,7.59 Lakh,7.27
Volkswagen Ameo 1.2 MPI Highline,Coimbatore,2018,35569,Petrol,Manual,First,17.0 kmpl,1198 CC,73.75 bhp,5,8.68 Lakh,7.27
Mahindra NuvoSport N6,Coimbatore,2018,37323,Diesel,Manual,Second,17.45 kmpl,1493 CC,100 bhp,7,10.52 Lakh,7.29
Maruti Baleno Delta CVT,Coimbatore,2018,34630,Petrol,Automatic,First,21.4 kmpl,1197 CC,83.1 bhp,5,8.57 Lakh,7.29
Ford Aspire Titanium Diesel,Coimbatore,2017,30279,Diesel,Manual,First,26.1 kmpl,1498 CC,99 bhp,5,9.79 Lakh,7.29
Ford Freestyle Titanium Plus Petrol,Kolkata,2018,8896,Petrol,Manual,First,19.0 kmpl,1194 CC,94.68 bhp,5,8.24 Lakh,7.34
Maruti Ignis 1.2 AMT Alpha,Coimbatore,2019,3906,Petrol,Automatic,First,20.89 kmpl,1197 CC,81.80 bhp,5,7.96 Lakh,7.36
Maruti Baleno Zeta,Coimbatore,2018,33150,Petrol,Manual,First,21.4 kmpl,1197 CC,83.1 bhp,5,8.71 Lakh,7.39
Honda Jazz VX Diesel,Chennai,2016,14980,Diesel,Manual,First,27.3 kmpl,1498 CC,98.6 bhp,5,10.81 Lakh,7.4
Volkswagen Polo GT TSI,Kochi,2015,26323,Petrol,Automatic,First,17.21 kmpl,1197 CC,103.5 bhp,5,10.83 Lakh,7.4
Maruti Vitara Brezza VDi,Pune,2016,37208,Diesel,Manual,First,24.3 kmpl,1248 CC,88.5 bhp,5,9.93 Lakh,7.43
Mahindra Xylo H4,Chennai,2016,215000,Diesel,Manual,First,14.02 kmpl,2179 CC,118.3 bhp,7,11.67 Lakh,7.5
Hyundai Elantra 1.6 SX,Pune,2013,170000,Diesel,Manual,First,22.54 kmpl,1582 CC,126.2 bhp,5,20.87 Lakh,7.5
Maruti Baleno Alpha,Kochi,2017,24773,Petrol,Manual,First,21.4 kmpl,1197 CC,83.1 bhp,5,8.78 Lakh,7.5
Maruti Baleno Alpha,Mumbai,2017,6000,Petrol,Manual,First,21.4 kmpl,1197 CC,83.1 bhp,5,8.78 Lakh,7.5
Maruti Vitara Brezza VDi,Mumbai,2016,55000,Diesel,Manual,First,24.3 kmpl,1248 CC,88.5 bhp,5,9.96 Lakh,7.5
Hyundai Elite i20 Asta Option,Coimbatore,2017,59450,Petrol,Manual,First,18.6 kmpl,1197 CC,81.86 bhp,5,9.78 Lakh,7.53
Hyundai Grand i10 1.2 Kappa Sportz AT,Coimbatore,2018,20667,Petrol,Automatic,First,18.9 kmpl,1197 CC,81.86 bhp,5,8.63 Lakh,7.55
Maruti Ertiga VDI,Coimbatore,2014,53817,Diesel,Manual,First,25.47 kmpl,1248 CC,88.50 bhp,7,11.44 Lakh,7.56
Mahindra NuvoSport N8,Coimbatore,2017,37712,Diesel,Manual,First,17.45 kmpl,1493 CC,100 bhp,7,11.77 Lakh,7.57
Maruti Ertiga VDI,Pune,2016,54161,Diesel,Manual,First,25.47 kmpl,1248 CC,88.50 bhp,7,11.27 Lakh,7.64
Volkswagen Vento 1.6 Comfortline,Kochi,2018,20488,Petrol,Manual,Second,16.09 kmpl,1598 CC,103.5 bhp,5,11.48 Lakh,7.64
Maruti Ertiga VDI,Delhi,2017,65000,Diesel,Manual,First,25.47 kmpl,1248 CC,88.50 bhp,7,11.16 Lakh,7.65
Ford EcoSport 1.5 Diesel Trend,Kochi,2017,63423,Diesel,Manual,First,23.0 kmpl,1498 CC,98.96 bhp,5,10.42 Lakh,7.69
Mahindra Bolero ZLX,Coimbatore,2016,82756,Diesel,Manual,First,15.96 kmpl,2523 CC,62.1 bhp,7,11.28 Lakh,7.7
Volkswagen Vento 1.6 Highline,Jaipur,2016,33000,Petrol,Manual,First,16.09 kmpl,1598 CC,103.5 bhp,5,11.63 Lakh,7.7
Ford EcoSport 1.5 Diesel Titanium Plus,Chennai,2016,29200,Diesel,Manual,First,23.0 kmpl,1498 CC,98.96 bhp,5,13.23 Lakh,7.7
Honda City i-VTEC CVT VX,Jaipur,2017,35000,Petrol,Automatic,First,18.0 kmpl,1497 CC,117.3 bhp,5,14.67 Lakh,7.7
Maruti Ertiga VDI,Ahmedabad,2017,63939,Diesel,Manual,First,25.47 kmpl,1248 CC,88.50 bhp,7,10.41 Lakh,7.75
Volkswagen Polo GT TSI,Mumbai,2017,25000,Petrol,Automatic,First,17.21 kmpl,1197 CC,103.5 bhp,5,11.26 Lakh,7.75
Hyundai Verna VTVT 1.6 SX,Bangalore,2014,46676,Petrol,Manual,First,17.0 kmpl,1591 CC,121.3 bhp,5,12.27 Lakh,7.75
Maruti Swift ZXI Plus,Ahmedabad,2018,2000,Petrol,Manual,First,22.0 kmpl,1197 CC,81.80 bhp,5,8.16 Lakh,7.75
Honda Amaze V CVT Petrol,Pune,2018,1700,Petrol,Automatic,First,19.0 kmpl,1199 CC,88.76 bhp,5,9.44 Lakh,7.8
Toyota Etios 1.4 VXD,Pune,2018,3000,Diesel,Manual,First,23.59 kmpl,1364 CC,67.04 bhp,5,10.63 Lakh,7.9
Honda Jazz VX,Chennai,2017,8000,Petrol,Manual,First,18.2 kmpl,1199 CC,88.7 bhp,5,9.1 Lakh,7.9
Volkswagen Ameo 1.5 TDI Highline,Kochi,2018,31426,Diesel,Manual,First,21.66 kmpl,1498 CC,108.62 bhp,5,9.72 Lakh,7.9
Maruti S-Cross Zeta DDiS 200 SH,Coimbatore,2016,74611,Diesel,Manual,First,25.1 kmpl,1248 CC,88.5 bhp,5,13.26 Lakh,7.94
Hyundai Verna VTVT 1.6 SX Option,Kochi,2016,52378,Petrol,Manual,First,17.0 kmpl,1591 CC,121.3 bhp,5,13.6 Lakh,7.97
Maruti Vitara Brezza ZDi,Delhi,2016,35299,Diesel,Manual,First,24.3 kmpl,1248 CC,88.5 bhp,5,10.14 Lakh,8
Maruti Ertiga VXI AT Petrol,Mumbai,2017,28000,Petrol,Automatic,First,18.69 kmpl,1462 CC,103 bhp,7,10.65 Lakh,8
Maruti Vitara Brezza ZDi Plus,Ahmedabad,2017,80000,Diesel,Manual,First,24.3 kmpl,1248 CC,88.5 bhp,5,10.91 Lakh,8
Honda City i-DTEC SV,Hyderabad,2015,82000,Diesel,Manual,First,25.6 kmpl,1498 CC,98.6 bhp,5,13.33 Lakh,8
Honda BRV i-VTEC V MT,Pune,2016,9200,Petrol,Manual,First,15.4 kmpl,1497 CC,117.3 bhp,7,13.58 Lakh,8
Hyundai Creta 1.6 SX,Chennai,2016,69434,Petrol,Manual,First,15.8 kmpl,1591 CC,121.3 bhp,5,14.84 Lakh,8
Honda BR-V i-VTEC S MT,Bangalore,2016,34004,Petrol,Manual,First,15.4 kmpl,1497 CC,117.3 bhp,7,12.9 Lakh,8.02
Ford EcoSport 1.5 Diesel Titanium Plus,Kochi,2017,78526,Diesel,Manual,First,23.0 kmpl,1498 CC,98.96 bhp,5,12.67 Lakh,8.09
Skoda Rapid 1.6 MPI AT Ambition,Mumbai,2017,32000,Petrol,Automatic,First,14.84 kmpl,1598 CC,103.52 bhp,5,13.7 Lakh,8.11
Volkswagen Polo 1.5 TDI Highline,Coimbatore,2018,33558,Diesel,Manual,First,20.14 kmpl,1498 CC,88 bhp,5,10.32 Lakh,8.12
Mahindra Bolero ZLX,Coimbatore,2017,68557,Diesel,Manual,First,15.96 kmpl,2523 CC,62.1 bhp,7,11.28 Lakh,8.14
Maruti Baleno RS Petrol,Kochi,2018,43639,Petrol,Manual,First,21.1 kmpl,998 CC,100 bhp,5,9.83 Lakh,8.15
Maruti Dzire ZDI Plus,Jaipur,2017,24000,Diesel,Manual,First,28.4 kmpl,1248 CC,73.75 bhp,5,10.48 Lakh,8.2
Maruti Ertiga VDI,Chennai,2016,86000,Diesel,Manual,Second,25.47 kmpl,1248 CC,88.50 bhp,7,10.99 Lakh,8.2
Maruti Ciaz Zeta,Mumbai,2017,5500,Petrol,Manual,First,21.56 kmpl,1462 CC,103.25 bhp,5,11.11 Lakh,8.2
Honda WR-V Edge Edition i-VTEC S,Kochi,2019,13913,Petrol,Manual,First,17.5 kmpl,1199 CC,88.7 bhp,5,9.36 Lakh,8.2
Honda WRV i-VTEC VX,Ahmedabad,2017,32248,Petrol,Manual,First,17.5 kmpl,1199 CC,88.7 bhp,5,10.32 Lakh,8.25
Honda Jazz Exclusive CVT,Mumbai,2018,3000,Petrol,Automatic,First,19.0 kmpl,1199 CC,88.7 bhp,5,10.81 Lakh,8.25
Volkswagen Polo GT TSI,Mumbai,2017,27853,Petrol,Automatic,First,17.21 kmpl,1197 CC,103.5 bhp,5,11.26 Lakh,8.25
Maruti Ciaz Alpha,Mumbai,2017,19416,Petrol,Manual,First,21.56 kmpl,1462 CC,103.25 bhp,5,11.56 Lakh,8.25
Maruti Vitara Brezza ZDi Plus Dual Tone,Delhi,2016,22000,Diesel,Manual,First,24.3 kmpl,1248 CC,88.5 bhp,5,11.75 Lakh,8.25
Renault Duster 110PS Diesel RxZ,Bangalore,2014,70000,Diesel,Manual,First,19.6 kmpl,1461 CC,108.45 bhp,5,15.01 Lakh,8.25
Volkswagen Polo GT TSI,Coimbatore,2017,50534,Petrol,Automatic,First,17.21 kmpl,1197 CC,103.5 bhp,5,11.66 Lakh,8.27
Maruti Dzire AMT ZXI Plus,Coimbatore,2019,8018,Petrol,Automatic,First,22.0 kmpl,1197 CC,81.80 bhp,5,10.26 Lakh,8.3
Maruti Dzire AMT VDI,Coimbatore,2018,25082,Diesel,Automatic,First,28.4 kmpl,1248 CC,73.75 bhp,5,9.62 Lakh,8.37
Maruti Vitara Brezza LDi,Kochi,2018,32539,Diesel,Manual,First,24.3 kmpl,1248 CC,88.5 bhp,5,8.63 Lakh,8.39
Maruti Baleno Alpha Diesel,Hyderabad,2017,24000,Diesel,Manual,First,27.39 kmpl,1248 CC,74 bhp,5,10.63 Lakh,8.4
Honda Jazz VX Diesel,Hyderabad,2017,17151,Diesel,Manual,First,27.3 kmpl,1498 CC,98.6 bhp,5,11.05 Lakh,8.4
Ford Aspire Titanium Plus Diesel,Kolkata,2015,2800,Diesel,Manual,First,26.1 kmpl,1498 CC,99 bhp,5,9.4 Lakh,8.41
Ford EcoSport 1.5 Diesel Titanium,Delhi,2017,39000,Diesel,Manual,First,23.0 kmpl,1498 CC,98.96 bhp,5,11.47 Lakh,8.45
Volkswagen Vento 1.5 TDI Highline,Hyderabad,2016,34000,Diesel,Manual,First,20.64 kmpl,1498 CC,108.5 bhp,5,14.2 Lakh,8.45
Honda Jazz VX,Kochi,2018,20024,Petrol,Manual,First,18.2 kmpl,1199 CC,88.7 bhp,5,9.1 Lakh,8.46
Maruti Ertiga VDI,Kochi,2018,51236,Diesel,Manual,First,25.47 kmpl,1248 CC,88.50 bhp,7,10.83 Lakh,8.49
Maruti Dzire AMT ZXI Plus,Hyderabad,2017,13000,Petrol,Automatic,First,22.0 kmpl,1197 CC,81.80 bhp,5,10.34 Lakh,8.5
Honda Amaze VX Diesel,Hyderabad,2018,12000,Diesel,Manual,First,27.4 kmpl,1498 CC,98.6 bhp,5,10.34 Lakh,8.5
Honda BR-V i-VTEC S MT,Pune,2017,9000,Petrol,Manual,First,15.4 kmpl,1497 CC,117.3 bhp,7,12.51 Lakh,8.5
Honda City i-VTEC V,Mumbai,2017,11000,Petrol,Manual,First,17.4 kmpl,1497 CC,117.3 bhp,5,12.57 Lakh,8.5
Maruti Ertiga ZDI,Mumbai,2016,33000,Diesel,Manual,First,25.47 kmpl,1248 CC,88.50 bhp,7,12.74 Lakh,8.5
Maruti Dzire AMT ZDI Plus,Kochi,2018,64035,Diesel,Automatic,First,28.4 kmpl,1248 CC,73.75 bhp,5,10.7 Lakh,8.55
Hyundai i20 Active SX Dual Tone Petrol,Pune,2019,1000,Petrol,Manual,First,17.19 kmpl,1197 CC,81.86 bhp,5,10.25 Lakh,8.6
Maruti Baleno RS Petrol,Coimbatore,2018,26731,Petrol,Manual,First,21.1 kmpl,998 CC,100 bhp,5,10.89 Lakh,8.61
Maruti Vitara Brezza LDi,Kochi,2017,35384,Diesel,Manual,First,24.3 kmpl,1248 CC,88.5 bhp,5,9.12 Lakh,8.61
Maruti Vitara Brezza ZDi Plus,Kochi,2018,50075,Diesel,Manual,First,24.3 kmpl,1248 CC,88.5 bhp,5,11.12 Lakh,8.63
Honda City i-VTEC CVT VX,Mumbai,2015,30000,Petrol,Automatic,First,18.0 kmpl,1497 CC,117.3 bhp,5,15.29 Lakh,8.65
Maruti Baleno Alpha Diesel,Mumbai,2018,2000,Diesel,Manual,First,27.39 kmpl,1248 CC,74 bhp,5,10.28 Lakh,8.7
Hyundai Verna VTVT 1.6 SX,Kolkata,2018,5000,Petrol,Manual,First,17.0 kmpl,1591 CC,121.3 bhp,5,11.19 Lakh,8.7
Maruti Vitara Brezza ZDi,Kolkata,2018,2900,Diesel,Manual,First,24.3 kmpl,1248 CC,88.5 bhp,5,10.13 Lakh,8.75
Ford EcoSport 1.5 Petrol Titanium,Hyderabad,2017,21800,Petrol,Manual,First,17.0 kmpl,1497 CC,121.36 bhp,5,11.27 Lakh,8.75
Hyundai Elite i20 Asta Option,Coimbatore,2019,21134,Petrol,Manual,First,18.6 kmpl,1197 CC,81.86 bhp,5,9.78 Lakh,8.78
Maruti Baleno Alpha CVT,Mumbai,2018,3000,Petrol,Automatic,First,21.4 kmpl,1197 CC,83.1 bhp,5,10.3 Lakh,8.85
Maruti Vitara Brezza ZDi Plus Dual Tone,Pune,2016,47300,Diesel,Manual,First,24.3 kmpl,1248 CC,88.5 bhp,5,11.96 Lakh,8.85
Hyundai Elantra 2.0 SX Option AT,Bangalore,2014,46374,Petrol,Automatic,First,14.62 kmpl,1999 CC,149.92 bhp,5,23.64 Lakh,8.85
Honda Amaze V CVT Petrol,Kochi,2019,25717,Petrol,Automatic,First,19.0 kmpl,1199 CC,88.76 bhp,5,9.47 Lakh,8.86
Maruti Vitara Brezza ZDi,Pune,2016,21558,Diesel,Manual,First,24.3 kmpl,1248 CC,88.5 bhp,5,10.65 Lakh,8.9
Honda WRV i-VTEC VX,Hyderabad,2017,15000,Petrol,Manual,First,17.5 kmpl,1199 CC,88.7 bhp,5,10.83 Lakh,8.9
Maruti Dzire AMT ZDI Plus,Chennai,2017,19000,Diesel,Automatic,First,28.4 kmpl,1248 CC,73.75 bhp,5,10.97 Lakh,8.9
Maruti Vitara Brezza ZDi Plus Dual Tone,Pune,2016,85000,Diesel,Manual,First,24.3 kmpl,1248 CC,88.5 bhp,5,11.96 Lakh,8.9
Renault Duster 110PS Diesel RxZ AMT,Jaipur,2016,68163,Diesel,Automatic,First,19.6 kmpl,1461 CC,108.45 bhp,5,14.11 Lakh,8.9
Hyundai Elantra 1.6 SX Option AT,Ahmedabad,2014,49000,Diesel,Automatic,First,18.23 kmpl,1582 CC,126.2 bhp,5,22.43 Lakh,8.9
Maruti S-Cross Delta DDiS 200 SH,Delhi,2018,12923,Diesel,Manual,First,25.1 kmpl,1248 CC,88.5 bhp,5,11.26 Lakh,8.92
Honda City i-VTEC CVT VX,Mumbai,2015,19000,Petrol,Automatic,First,18.0 kmpl,1497 CC,117.3 bhp,5,15.29 Lakh,8.95
Volkswagen Vento 1.5 TDI Highline AT,Mumbai,2016,25500,Diesel,Automatic,First,21.5 kmpl,1498 CC,108.5 bhp,5,15.86 Lakh,8.95
Ford EcoSport 1.5 Diesel Titanium,Mumbai,2017,26000,Diesel,Manual,First,23.0 kmpl,1498 CC,98.96 bhp,5,11.89 Lakh,8.99
Ford EcoSport 1.5 Diesel Titanium,Mumbai,2017,30000,Diesel,Manual,First,23.0 kmpl,1498 CC,98.96 bhp,5,11.89 Lakh,8.99
Maruti Dzire AMT ZDI Plus,Pune,2017,41747,Diesel,Automatic,First,28.4 kmpl,1248 CC,73.75 bhp,5,11.26 Lakh,9
Maruti Vitara Brezza ZDi Plus,Jaipur,2017,48324,Diesel,Manual,First,24.3 kmpl,1248 CC,88.5 bhp,5,11.47 Lakh,9
Maruti Vitara Brezza ZDi Plus Dual Tone,Mumbai,2016,20000,Diesel,Manual,First,24.3 kmpl,1248 CC,88.5 bhp,5,11.98 Lakh,9
Maruti Vitara Brezza ZDi,Coimbatore,2017,58829,Diesel,Manual,First,24.3 kmpl,1248 CC,88.5 bhp,5,9.89 Lakh,9.05
Maruti Vitara Brezza ZDi Plus,Kochi,2017,38426,Diesel,Manual,First,24.3 kmpl,1248 CC,88.5 bhp,5,11.12 Lakh,9.13
Maruti Dzire AMT ZDI Plus,Hyderabad,2017,28226,Diesel,Automatic,First,28.4 kmpl,1248 CC,73.75 bhp,5,11.52 Lakh,9.15
Maruti Ciaz Zeta,Kochi,2018,10575,Petrol,Manual,First,21.56 kmpl,1462 CC,103.25 bhp,5,11.11 Lakh,9.18
Maruti Ciaz Alpha,Kochi,2018,38394,Petrol,Manual,First,21.56 kmpl,1462 CC,103.25 bhp,5,11.37 Lakh,9.18
Ford EcoSport 1.5 Petrol Titanium,Pune,2018,17000,Petrol,Manual,First,17.0 kmpl,1497 CC,121.36 bhp,5,11.06 Lakh,9.2
Tata Nexon 1.5 Revotorq XZ Plus Dual Tone,Kolkata,2018,4900,Diesel,Manual,First,21.5 kmpl,1497 CC,108.5 bhp,5,11.47 Lakh,9.22
Maruti Vitara Brezza ZDi Plus Dual Tone,Ahmedabad,2017,33000,Diesel,Manual,First,24.3 kmpl,1248 CC,88.5 bhp,5,11.06 Lakh,9.25
Ford EcoSport 1.5 Diesel Titanium,Coimbatore,2018,32189,Diesel,Manual,First,23.0 kmpl,1498 CC,98.96 bhp,5,11.2 Lakh,9.25
Mahindra Thar CRDe,Jaipur,2016,19000,Diesel,Manual,First,16.55 kmpl,2498 CC,105 bhp,6,11.39 Lakh,9.25
Maruti Ertiga VDI,Mumbai,2018,14000,Diesel,Manual,First,25.47 kmpl,1248 CC,88.50 bhp,7,11.66 Lakh,9.25
Honda BRV i-VTEC V CVT,Mumbai,2017,18000,Petrol,Automatic,First,16.0 kmpl,1497 CC,117.3 bhp,7,15.02 Lakh,9.25
BMW 3 Series 320d,Mumbai,2010,67000,Diesel,Automatic,Second,22.69 kmpl,1995 CC,190 bhp,5,47.87 Lakh,9.25
Honda WRV i-VTEC VX,Kochi,2018,15135,Petrol,Manual,First,17.5 kmpl,1199 CC,88.7 bhp,5,10.57 Lakh,9.29
Maruti Vitara Brezza ZDi,Hyderabad,2016,41372,Diesel,Manual,First,24.3 kmpl,1248 CC,88.5 bhp,5,11.02 Lakh,9.3
Maruti Vitara Brezza ZDi Plus Dual Tone,Kochi,2017,45362,Diesel,Manual,First,24.3 kmpl,1248 CC,88.5 bhp,5,11.75 Lakh,9.38
Maruti Vitara Brezza ZDi Plus Dual Tone,Kochi,2017,21248,Diesel,Manual,First,24.3 kmpl,1248 CC,88.5 bhp,5,11.75 Lakh,9.44
Volkswagen Vento 1.5 TDI Highline AT,Mumbai,2016,25000,Diesel,Automatic,First,21.5 kmpl,1498 CC,108.5 bhp,5,15.86 Lakh,9.45
Honda BRV i-VTEC V CVT,Kochi,2017,35676,Petrol,Automatic,First,16.0 kmpl,1497 CC,117.3 bhp,7,14.65 Lakh,9.48
Maruti Vitara Brezza ZDi Plus,Hyderabad,2017,39000,Diesel,Manual,First,24.3 kmpl,1248 CC,88.5 bhp,5,12 Lakh,9.49
Honda BRV i-VTEC V CVT,Mumbai,2017,17000,Petrol,Automatic,First,16.0 kmpl,1497 CC,117.3 bhp,7,15.02 Lakh,9.5
Honda BRV i-VTEC V CVT,Mumbai,2017,16503,Petrol,Automatic,First,16.0 kmpl,1497 CC,117.3 bhp,7,15.02 Lakh,9.5
Maruti Baleno Alpha CVT,Kochi,2019,13574,Petrol,Automatic,First,21.4 kmpl,1197 CC,83.1 bhp,5,10.3 Lakh,9.51
Maruti Vitara Brezza ZDi Plus Dual Tone,Kochi,2017,35981,Diesel,Manual,First,24.3 kmpl,1248 CC,88.5 bhp,5,11.29 Lakh,9.51
Volkswagen Vento 1.5 TDI Highline AT,Kochi,2017,33550,Diesel,Automatic,First,21.5 kmpl,1498 CC,108.5 bhp,5,15.86 Lakh,9.6
Tata Nexon 1.2 Revotron XZ Plus,Coimbatore,2018,17477,Petrol,Manual,First,17.0 kmpl,1198 CC,108.5 bhp,5,11.13 Lakh,9.62
Mahindra Thar CRDe,Coimbatore,2017,28599,Diesel,Manual,First,16.55 kmpl,2498 CC,105 bhp,6,11.71 Lakh,9.66
Skoda Rapid 1.6 MPI Ambition,Coimbatore,2019,21214,Petrol,Manual,First,15.41 kmpl,1598 CC,103.52 bhp,5,12.44 Lakh,9.66
Hyundai Elantra 2.0 SX Option AT,Coimbatore,2015,58239,Petrol,Automatic,First,14.62 kmpl,1999 CC,149.92 bhp,5,23.64 Lakh,9.69
Hyundai Creta 1.6 SX,Delhi,2016,69000,Petrol,Manual,First,15.8 kmpl,1591 CC,121.3 bhp,5,14.23 Lakh,9.7
Maruti Vitara Brezza ZDi,Bangalore,2017,45000,Diesel,Manual,First,24.3 kmpl,1248 CC,88.5 bhp,5,11 Lakh,9.75
Maruti Vitara Brezza ZDi,Coimbatore,2017,21789,Diesel,Manual,First,24.3 kmpl,1248 CC,88.5 bhp,5,11 Lakh,9.88
Honda WRV i-VTEC VX,Kochi,2018,37430,Petrol,Manual,First,17.5 kmpl,1199 CC,88.7 bhp,5,10.57 Lakh,9.9
Tata Nexon 1.5 Revotorq XZ Plus Dual Tone,Mumbai,2018,14000,Diesel,Manual,First,21.5 kmpl,1497 CC,108.5 bhp,5,12.22 Lakh,9.9
Maruti Ertiga ZDI Plus,Hyderabad,2016,42000,Diesel,Manual,First,25.47 kmpl,1248 CC,88.50 bhp,7,13.33 Lakh,9.9
BMW 3 Series 320d,Coimbatore,2009,103905,Diesel,Automatic,First,22.69 kmpl,1995 CC,190 bhp,5,43.31 Lakh,9.92
Maruti Ciaz Zeta,Kochi,2018,25692,Petrol,Manual,First,21.56 kmpl,1462 CC,103.25 bhp,5,10.65 Lakh,9.95
Ford EcoSport 1.5 Petrol Titanium Plus AT,Pune,2017,14000,Petrol,Automatic,First,14.8 kmpl,1497 CC,121.36 bhp,5,13.23 Lakh,9.99
Honda City i-VTEC VX,Ahmedabad,2017,29000,Petrol,Manual,First,17.4 kmpl,1497 CC,117.3 bhp,5,12.68 Lakh,10
Volkswagen Vento 1.5 TDI Highline,Hyderabad,2017,28000,Diesel,Manual,First,20.64 kmpl,1498 CC,108.5 bhp,5,14.2 Lakh,10
Volkswagen Vento 1.5 TDI Highline AT,Pune,2016,19000,Diesel,Automatic,First,21.5 kmpl,1498 CC,108.5 bhp,5,15.68 Lakh,10
Honda City i-VTEC V,Kochi,2018,11732,Petrol,Manual,First,17.4 kmpl,1497 CC,117.3 bhp,5,11.88 Lakh,10.07
Maruti Vitara Brezza ZDi Plus,Coimbatore,2018,52380,Diesel,Manual,First,24.3 kmpl,1248 CC,88.5 bhp,5,12.47 Lakh,10.15
Maruti Vitara Brezza ZDi Plus,Kochi,2018,57078,Diesel,Manual,First,24.3 kmpl,1248 CC,88.5 bhp,5,11.58 Lakh,10.19
Hyundai Creta 1.6 SX Option,Mumbai,2016,29477,Petrol,Manual,First,15.8 kmpl,1591 CC,121.3 bhp,5,16.36 Lakh,10.25
Volkswagen Vento 1.5 TDI Highline AT,Hyderabad,2016,45492,Diesel,Automatic,First,21.5 kmpl,1498 CC,108.5 bhp,5,15.68 Lakh,10.3
BMW 3 Series 320d,Kolkata,2011,70000,Diesel,Automatic,First,22.69 kmpl,1995 CC,190 bhp,5,43.81 Lakh,10.3
Maruti Vitara Brezza ZDi Plus Dual Tone,Coimbatore,2017,25299,Diesel,Manual,First,24.3 kmpl,1248 CC,88.5 bhp,5,12.56 Lakh,10.34
Ford EcoSport 1.5 Petrol Titanium Plus AT,Coimbatore,2018,27852,Petrol,Automatic,First,14.8 kmpl,1497 CC,121.36 bhp,5,14.1 Lakh,10.44
Maruti Vitara Brezza ZDi,Coimbatore,2018,64456,Diesel,Manual,First,24.3 kmpl,1248 CC,88.5 bhp,5,11 Lakh,10.46
Maruti Vitara Brezza ZDi Plus,Kochi,2019,34688,Diesel,Manual,First,24.3 kmpl,1248 CC,88.5 bhp,5,11.2 Lakh,10.49
Hyundai Creta 1.4 E Plus Diesel,Mumbai,2018,13000,Diesel,Manual,First,22.1 kmpl,1396 CC,88.7 bhp,5,11.81 Lakh,10.5
Skoda Rapid 1.5 TDI AT Style,Kolkata,2017,31300,Diesel,Automatic,First,21.72 kmpl,1498 CC,108.4 bhp,5,15.34 Lakh,10.5
Skoda Rapid 1.5 TDI Style,Hyderabad,2017,31000,Diesel,Manual,First,21.13 kmpl,1498 CC,108.4 bhp,5,15.38 Lakh,10.5
BMW 3 Series 320d,Mumbai,2011,51000,Diesel,Automatic,First,22.69 kmpl,1995 CC,190 bhp,5,47.87 Lakh,10.5
Toyota Fortuner 2.8 4WD MT,Kochi,2011,169006,Diesel,Manual,First,14.24 kmpl,2755 CC,174.5 bhp,7,36.69 Lakh,10.64
Honda City i-VTEC CVT VX,Bangalore,2015,18955,Petrol,Automatic,First,18.0 kmpl,1497 CC,117.3 bhp,5,16.04 Lakh,10.65
Toyota Fortuner 2.8 4WD MT,Mumbai,2010,140000,Diesel,Manual,First,14.24 kmpl,2755 CC,174.5 bhp,7,37.46 Lakh,10.75
Toyota Corolla Altis 1.8 GL,Coimbatore,2015,53920,Petrol,Manual,First,14.28 kmpl,1798 CC,138.03 bhp,5,23.37 Lakh,10.77
Honda BR-V i-DTEC VX MT,Kochi,2017,32249,Diesel,Manual,First,21.9 kmpl,1498 CC,98.6 bhp,7,15.45 Lakh,10.79
Hyundai Creta 1.6 SX Option Diesel,Bangalore,2016,93000,Diesel,Manual,First,20.5 kmpl,1582 CC,126.2 bhp,5,19.18 Lakh,10.8
Ford Ecosport Signature Edition Diesel,Ahmedabad,2018,13000,Diesel,Manual,First,23.0 kmpl,1498 CC,98.96 bhp,5,12.12 Lakh,10.9
Hyundai Creta 1.6 SX,Ahmedabad,2016,21000,Petrol,Manual,First,15.8 kmpl,1591 CC,121.3 bhp,5,13.74 Lakh,10.9
BMW 3 Series 320d,Ahmedabad,2011,100000,Diesel,Automatic,Second,22.69 kmpl,1995 CC,190 bhp,5,43.31 Lakh,10.9
Hyundai Verna CRDi 1.6 SX Option,Kolkata,2018,10250,Diesel,Manual,First,22.0 kmpl,1582 CC,126.2 bhp,5,14.44 Lakh,10.95
Toyota Innova Crysta 2.7 GX MT,Bangalore,2012,70704,Petrol,Manual,First,11.25 kmpl,2694 CC,163.7 bhp,7,18.64 Lakh,10.95
Maruti Vitara Brezza ZDi Plus Dual Tone,Coimbatore,2018,28741,Diesel,Manual,First,24.3 kmpl,1248 CC,88.5 bhp,5,12.56 Lakh,11
Hyundai Creta 1.6 SX Option,Delhi,2016,24347,Petrol,Manual,First,15.8 kmpl,1591 CC,121.3 bhp,5,16.06 Lakh,11
Honda City i-VTEC VX,Mumbai,2017,7500,Petrol,Manual,First,17.4 kmpl,1497 CC,117.3 bhp,5,13.76 Lakh,11.15
Maruti Vitara Brezza ZDi Plus AMT Dual Tone,Chennai,2018,3000,Diesel,Automatic,First,24.3 kmpl,1248 CC,88.5 bhp,5,12.88 Lakh,11.25
Tata Safari Storme VX Varicor 400,Jaipur,2017,37000,Diesel,Manual,First,14.1 kmpl,2179 CC,154 bhp,7,16.95 Lakh,11.25
Hyundai Creta 1.6 SX Automatic Diesel,Kolkata,2018,14000,Diesel,Automatic,First,17.6 kmpl,1582 CC,126.2 bhp,5,17 Lakh,11.25
Maruti Vitara Brezza ZDi Plus Dual Tone,Coimbatore,2017,18108,Diesel,Manual,First,24.3 kmpl,1248 CC,88.5 bhp,5,12.56 Lakh,11.31
Hyundai Creta 1.6 SX Option,Kochi,2017,47183,Petrol,Manual,Second,15.8 kmpl,1591 CC,121.3 bhp,5,15.86 Lakh,11.31
Maruti Vitara Brezza ZDi Plus Dual Tone,Coimbatore,2017,26927,Diesel,Manual,First,24.3 kmpl,1248 CC,88.5 bhp,5,12.56 Lakh,11.39
Renault Duster 110PS Diesel RxZ AMT,Coimbatore,2017,30090,Diesel,Automatic,First,19.6 kmpl,1461 CC,108.45 bhp,5,15.05 Lakh,11.44
Hyundai Creta 1.6 SX Option Diesel,Coimbatore,2017,101065,Diesel,Manual,First,20.5 kmpl,1582 CC,126.2 bhp,5,19.18 Lakh,11.45
Maruti Vitara Brezza ZDi Plus AMT Dual Tone,Chennai,2018,3300,Diesel,Automatic,First,24.3 kmpl,1248 CC,88.5 bhp,5,12.88 Lakh,11.5
Hyundai Verna VTVT 1.6 AT SX Plus,Kochi,2019,12645,Petrol,Automatic,First,17.0 kmpl,1591 CC,121.3 bhp,5,13.49 Lakh,11.5
Renault Duster 110PS Diesel RxZ AMT,Bangalore,2016,45000,Diesel,Automatic,First,19.6 kmpl,1461 CC,108.45 bhp,5,15.05 Lakh,11.5
Hyundai Verna CRDi 1.6 SX Option,Pune,2017,50000,Diesel,Manual,First,22.0 kmpl,1582 CC,126.2 bhp,5,15.72 Lakh,11.5
Toyota Corolla Altis 1.8 G,Bangalore,2016,16471,Petrol,Manual,Second,14.28 kmpl,1798 CC,138.03 bhp,5,20.48 Lakh,11.5
BMW 3 Series 320d,Kochi,2012,55598,Diesel,Automatic,First,22.69 kmpl,1995 CC,190 bhp,5,47.87 Lakh,11.5
BMW 3 Series 320d,Bangalore,2010,58000,Diesel,Automatic,First,22.69 kmpl,1995 CC,190 bhp,5,48.79 Lakh,11.5
Honda City i-VTEC CVT VX,Mumbai,2017,17000,Petrol,Automatic,First,18.0 kmpl,1497 CC,117.3 bhp,5,15.29 Lakh,11.6
Ford Ecosport Signature Edition Diesel,Coimbatore,2019,23154,Diesel,Manual,First,23.0 kmpl,1498 CC,98.96 bhp,5,12.12 Lakh,11.65
Honda City i-VTEC CVT V,Kochi,2019,22321,Petrol,Automatic,First,18.0 kmpl,1497 CC,117.3 bhp,5,13.4 Lakh,11.66
BMW 5 Series 530d M Sport,Chennai,2010,58000,Diesel,Automatic,First,18.59 kmpl,2993 CC,265 bhp,5,79.78 Lakh,11.75
Hyundai Creta 1.6 SX,Coimbatore,2018,17665,Petrol,Manual,First,15.8 kmpl,1591 CC,121.3 bhp,5,15.36 Lakh,11.78
Mitsubishi Pajero Sport 4X4,Jaipur,2014,70000,Diesel,Manual,Second,13.5 kmpl,2477 CC,175.56 bhp,7,33.21 Lakh,11.85
Renault Duster 110PS Diesel RxZ AMT,Coimbatore,2017,34686,Diesel,Automatic,First,19.6 kmpl,1461 CC,108.45 bhp,5,15.05 Lakh,11.86
Hyundai Verna VTVT 1.6 SX Option,Kochi,2019,12336,Petrol,Manual,First,17.0 kmpl,1591 CC,121.3 bhp,5,13.6 Lakh,11.88
Skoda Rapid 1.5 TDI Ambition,Coimbatore,2018,5833,Diesel,Manual,First,21.13 kmpl,1498 CC,108.4 bhp,5,14.22 Lakh,11.92
Honda City i-VTEC CVT VX,Kochi,2018,22974,Petrol,Automatic,First,18.0 kmpl,1497 CC,117.3 bhp,5,15.55 Lakh,11.97
Toyota Corolla Altis 1.8 VL CVT,Coimbatore,2016,82725,Petrol,Automatic,First,14.28 kmpl,1798 CC,138.03 bhp,5,25.27 Lakh,11.99
Honda City i-DTEC ZX,Pune,2017,42000,Diesel,Manual,First,25.6 kmpl,1498 CC,98.6 bhp,5,16.84 Lakh,12
Tata Hexa XT,Delhi,2017,55000,Diesel,Manual,First,17.6 kmpl,2179 CC,153.86 bhp,7,19.86 Lakh,12
Hyundai Creta 1.6 SX Option,Kochi,2018,53322,Petrol,Manual,First,15.8 kmpl,1591 CC,121.3 bhp,5,16.06 Lakh,12.13
Ford EcoSport 1.5 Petrol Titanium Plus AT,Coimbatore,2018,18385,Petrol,Automatic,First,14.8 kmpl,1497 CC,121.36 bhp,5,14.1 Lakh,12.41
Renault Duster 110PS Diesel RxZ AMT,Coimbatore,2017,42646,Diesel,Automatic,First,19.6 kmpl,1461 CC,108.45 bhp,5,15.05 Lakh,12.46
Mitsubishi Pajero Sport 4X4,Bangalore,2013,132000,Diesel,Manual,First,13.5 kmpl,2477 CC,175.56 bhp,7,34.6 Lakh,12.49
Honda City i-VTEC CVT VX,Pune,2018,4500,Petrol,Automatic,First,18.0 kmpl,1497 CC,117.3 bhp,5,15.17 Lakh,12.5
Hyundai Creta 1.6 SX Automatic Diesel,Chennai,2016,55000,Diesel,Automatic,First,17.6 kmpl,1582 CC,126.2 bhp,5,18.35 Lakh,12.5
BMW 3 Series 320d,Bangalore,2012,73000,Diesel,Automatic,First,22.69 kmpl,1995 CC,190 bhp,5,48.79 Lakh,12.5
Honda City i-VTEC CVT ZX,Mumbai,2017,15000,Petrol,Automatic,First,18.0 kmpl,1497 CC,117.3 bhp,5,16.67 Lakh,12.69
Mitsubishi Pajero Sport 4X4,Mumbai,2013,59000,Diesel,Manual,First,13.5 kmpl,2477 CC,175.56 bhp,7,33.09 Lakh,12.75
Hyundai Verna VTVT 1.6 AT SX Option,Mumbai,2018,8000,Petrol,Automatic,First,17.0 kmpl,1591 CC,121.3 bhp,5,15.14 Lakh,12.85
Honda City i-DTEC ZX,Hyderabad,2017,46000,Diesel,Manual,First,25.6 kmpl,1498 CC,98.6 bhp,5,16.95 Lakh,12.9
Mahindra E Verito D4,Chennai,2016,50000,Electric,Automatic,First,NaN kmpl,72 CC,41 bhp,5,13.58 Lakh,13
Mahindra XUV500 W7,Delhi,2018,9000,Diesel,Manual,First,14.0 kmpl,2179 CC,155 bhp,7,16.4 Lakh,13
BMW 3 Series 320d,Coimbatore,2013,85846,Diesel,Automatic,First,22.69 kmpl,1995 CC,190 bhp,5,48.79 Lakh,13.08
Hyundai Creta 1.6 SX,Hyderabad,2018,9900,Petrol,Manual,First,15.8 kmpl,1591 CC,121.3 bhp,5,14.72 Lakh,13.2
Hyundai Creta 1.6 SX Option Executive,Coimbatore,2018,44383,Petrol,Manual,First,15.8 kmpl,1591 CC,121.3 bhp,5,17.7 Lakh,13.25
Toyota Fortuner 2.8 4WD MT,Kochi,2013,105072,Diesel,Manual,First,14.24 kmpl,2755 CC,174.5 bhp,7,36.69 Lakh,13.28
Tata Hexa XTA,Jaipur,2016,39000,Diesel,Automatic,First,17.6 kmpl,2179 CC,153.86 bhp,7,21 Lakh,13.5
Toyota Fortuner 2.8 4WD MT,Hyderabad,2010,110000,Diesel,Manual,First,14.24 kmpl,2755 CC,174.5 bhp,7,37.51 Lakh,13.7
Hyundai Creta 1.6 SX Option Diesel,Coimbatore,2016,47392,Diesel,Manual,First,20.5 kmpl,1582 CC,126.2 bhp,5,19.18 Lakh,13.82
Hyundai Elantra 2.0 SX Option AT,Delhi,2016,28000,Petrol,Automatic,First,14.62 kmpl,1999 CC,149.92 bhp,5,21.77 Lakh,13.9
BMW 3 Series 320d,Hyderabad,2011,89000,Diesel,Automatic,First,22.69 kmpl,1995 CC,190 bhp,5,47.2 Lakh,13.95
BMW 3 Series 320d Luxury Line,Kochi,2013,37613,Diesel,Automatic,First,22.69 kmpl,1995 CC,190 bhp,5,52.46 Lakh,13.95
BMW 3 Series 320d Luxury Line,Chennai,2012,65000,Diesel,Automatic,First,22.69 kmpl,1995 CC,190 bhp,5,54.7 Lakh,14
BMW 3 Series 320d,Hyderabad,2010,80000,Diesel,Automatic,First,22.69 kmpl,1995 CC,190 bhp,5,47.2 Lakh,14.2
Honda City i-VTEC CVT ZX,Coimbatore,2018,20300,Petrol,Automatic,First,18.0 kmpl,1497 CC,117.3 bhp,5,17.38 Lakh,14.21
Tata Hexa XT,Pune,2017,39800,Diesel,Manual,First,17.6 kmpl,2179 CC,153.86 bhp,7,20.87 Lakh,14.25
Jeep Compass 2.0 Sport,Kolkata,2017,27000,Diesel,Manual,First,17.1 kmpl,1956 CC,170 bhp,5,18.45 Lakh,15
Mitsubishi Pajero Sport 4X4,Delhi,2014,110000,Diesel,Manual,First,13.5 kmpl,2477 CC,175.56 bhp,7,32.01 Lakh,15
Toyota Innova Crysta 2.8 ZX AT,Kolkata,2016,66618,Diesel,Automatic,First,11.36 kmpl,2755 CC,171.5 bhp,7,24.82 Lakh,15.49
Skoda Superb Style 2.0 TDI AT,Mumbai,2015,19000,Diesel,Automatic,First,18.19 kmpl,1968 CC,174.5 bhp,5,36.94 Lakh,15.5
Hyundai Creta 1.6 SX Option Diesel,Coimbatore,2019,24864,Diesel,Manual,First,20.5 kmpl,1582 CC,126.2 bhp,5,19.18 Lakh,16.27
Hyundai Elantra 2.0 SX Option AT,Delhi,2017,9500,Petrol,Automatic,First,14.62 kmpl,1999 CC,149.92 bhp,5,21.77 Lakh,16.35
Mitsubishi Pajero Sport 4X4,Coimbatore,2015,53497,Diesel,Manual,First,13.5 kmpl,2477 CC,175.56 bhp,7,34.6 Lakh,16.42
Toyota Innova Crysta 2.8 GX AT 8S,Chennai,2016,40000,Diesel,Automatic,First,11.36 kmpl,2755 CC,171.5 bhp,8,21.1 Lakh,16.45
Toyota Innova Crysta 2.4 GX MT 8S,Mumbai,2017,22000,Diesel,Manual,First,13.68 kmpl,2393 CC,147.8 bhp,8,19.34 Lakh,16.5
Toyota Innova Crysta 2.4 GX MT,Chennai,2017,67489,Diesel,Manual,First,13.68 kmpl,2393 CC,147.8 bhp,7,19.37 Lakh,16.5
Toyota Innova Crysta 2.4 GX MT,Hyderabad,2016,73000,Diesel,Manual,First,13.68 kmpl,2393 CC,147.8 bhp,7,19.37 Lakh,16.5
Toyota Innova Crysta 2.4 VX MT,Hyderabad,2017,67000,Diesel,Manual,First,13.68 kmpl,2393 CC,147.8 bhp,7,22.87 Lakh,16.5
Toyota Innova Crysta 2.4 ZX MT,Ahmedabad,2016,54000,Diesel,Manual,First,13.68 kmpl,2393 CC,147.8 bhp,7,23.14 Lakh,16.5
BMW 5 Series 520d Luxury Line,Ahmedabad,2010,46000,Diesel,Automatic,First,22.48 kmpl,1995 CC,190 bhp,5,63.71 Lakh,16.5
Audi A4 35 TDI Premium Plus,Coimbatore,2013,58629,Diesel,Automatic,Second,18.25 kmpl,1968 CC,187.74 bhp,5,53.14 Lakh,16.52
Skoda Superb Style 1.8 TSI AT,Coimbatore,2016,54253,Petrol,Automatic,First,14.67 kmpl,1798 CC,177.46 bhp,5,30.19 Lakh,16.81
Jeep Compass 2.0 Sport,Hyderabad,2017,37000,Diesel,Manual,First,17.1 kmpl,1956 CC,170 bhp,5,19.91 Lakh,16.9
Toyota Innova Crysta 2.4 VX MT,Kolkata,2017,31000,Diesel,Manual,First,13.68 kmpl,2393 CC,147.8 bhp,7,21.36 Lakh,16.95
Toyota Corolla Altis 1.8 VL CVT,Kolkata,2018,5000,Petrol,Automatic,First,14.28 kmpl,1798 CC,138.03 bhp,5,22.37 Lakh,16.95
Toyota Innova Crysta 2.8 GX AT,Ahmedabad,2016,100200,Diesel,Automatic,First,11.36 kmpl,2755 CC,171.5 bhp,7,19.21 Lakh,17
Jeep Compass 2.0 Longitude,Kochi,2018,28937,Diesel,Manual,First,17.1 kmpl,1956 CC,170 bhp,5,21.38 Lakh,17.02
Skoda Superb Style 1.8 TSI AT,Kochi,2017,73641,Petrol,Automatic,First,14.67 kmpl,1798 CC,177.46 bhp,5,33.36 Lakh,17.08
Toyota Innova Crysta 2.4 VX MT,Mumbai,2016,25121,Diesel,Manual,First,13.68 kmpl,2393 CC,147.8 bhp,7,23.06 Lakh,17.11
Mercedes-Benz A Class A180 Sport,Mumbai,2016,17000,Petrol,Automatic,First,15.5 kmpl,1595 CC,122 bhp,5,34.63 Lakh,17.25
BMW 5 Series 520d Luxury Line,Coimbatore,2011,51602,Diesel,Automatic,First,22.48 kmpl,1995 CC,190 bhp,5,63.71 Lakh,17.27
Jeep Compass 2.0 Limited Option Black,Mumbai,2017,7000,Diesel,Manual,First,17.1 kmpl,1956 CC,170 bhp,5,24.02 Lakh,17.45
Toyota Corolla Altis 1.8 VL CVT,Kochi,2018,28321,Petrol,Automatic,First,14.28 kmpl,1798 CC,138.03 bhp,5,23.25 Lakh,17.49
Toyota Innova Crysta 2.4 GX MT 8S,Hyderabad,2017,52000,Diesel,Manual,First,13.68 kmpl,2393 CC,147.8 bhp,8,19.43 Lakh,17.5
Toyota Innova Crysta 2.8 GX AT 8S,Mumbai,2016,36000,Diesel,Automatic,First,11.36 kmpl,2755 CC,171.5 bhp,8,21 Lakh,17.5
Jeep Compass 2.0 Limited Option 4X4,Kolkata,2017,15050,Diesel,Manual,First,16.3 kmpl,1956 CC,170 bhp,5,23.19 Lakh,17.5
BMW 5 Series 520d Luxury Line,Ahmedabad,2012,95000,Diesel,Automatic,Second,22.48 kmpl,1995 CC,190 bhp,5,63.71 Lakh,17.5
BMW 5 Series 520d Luxury Line,Mumbai,2012,61240,Diesel,Automatic,First,22.48 kmpl,1995 CC,190 bhp,5,70.43 Lakh,17.5
Jeep Compass 2.0 Longitude,Kochi,2018,26101,Diesel,Manual,First,17.1 kmpl,1956 CC,170 bhp,5,21.38 Lakh,17.55
Mahindra XUV500 W9 AT,Coimbatore,2019,19654,Diesel,Automatic,First,14.0 kmpl,2179 CC,155 bhp,7,21.33 Lakh,17.63
Toyota Innova Crysta 2.4 VX MT,Mumbai,2017,38000,Diesel,Manual,First,13.68 kmpl,2393 CC,147.8 bhp,7,23.06 Lakh,17.65
Jeep Compass 1.4 Limited Option,Mumbai,2017,4000,Petrol,Automatic,First,16.0 kmpl,1368 CC,160 bhp,5,23.68 Lakh,17.75
Hyundai Tucson 2.0 Dual VTVT 2WD AT GL,Mumbai,2016,13000,Petrol,Automatic,First,12.95 kmpl,1999 CC,152.88 bhp,5,25.75 Lakh,17.75
Tata Hexa XTA,Coimbatore,2019,14233,Diesel,Automatic,First,17.6 kmpl,2179 CC,153.86 bhp,7,22.74 Lakh,17.85
Skoda Superb Style 1.8 TSI AT,Mumbai,2016,53000,Petrol,Automatic,First,14.67 kmpl,1798 CC,177.46 bhp,5,33.36 Lakh,17.85
Toyota Innova Crysta 2.4 VX MT 8S,Coimbatore,2017,72202,Diesel,Manual,First,13.68 kmpl,2393 CC,147.8 bhp,8,24.01 Lakh,17.92
BMW X3 xDrive 20d Luxury Line,Hyderabad,2009,58000,Diesel,Automatic,First,18.56 kmpl,1995 CC,190 bhp,5,69.59 Lakh,17.98
BMW 3 Series 320d,Mumbai,2013,25000,Diesel,Automatic,First,22.69 kmpl,1995 CC,190 bhp,5,47.87 Lakh,17.99
Toyota Innova Crysta 2.8 GX AT,Pune,2018,20300,Diesel,Automatic,First,11.36 kmpl,2755 CC,171.5 bhp,7,20.97 Lakh,18
Toyota Corolla Altis 1.8 VL CVT,Delhi,2017,21000,Petrol,Automatic,First,14.28 kmpl,1798 CC,138.03 bhp,5,23.25 Lakh,18
Toyota Innova Crysta 2.8 ZX AT,Ahmedabad,2016,42388,Diesel,Automatic,First,11.36 kmpl,2755 CC,171.5 bhp,7,24.63 Lakh,18
Toyota Innova Crysta 2.8 GX AT 8S,Delhi,2017,18000,Diesel,Automatic,First,11.36 kmpl,2755 CC,171.5 bhp,8,20.8 Lakh,18.25
Toyota Innova Crysta 2.8 GX AT,Kochi,2017,20789,Diesel,Automatic,First,11.36 kmpl,2755 CC,171.5 bhp,7,20.74 Lakh,18.36
Toyota Innova Crysta 2.4 ZX MT,Coimbatore,2018,92056,Diesel,Manual,First,13.68 kmpl,2393 CC,147.8 bhp,7,26.45 Lakh,18.39
Jeep Compass 2.0 Limited,Pune,2018,16039,Diesel,Manual,First,17.1 kmpl,1956 CC,170 bhp,5,23.89 Lakh,18.5
BMW 3 Series 320d,Kochi,2014,32982,Diesel,Automatic,First,22.69 kmpl,1995 CC,190 bhp,5,47.87 Lakh,18.55
Toyota Innova Crysta 2.4 ZX MT,Pune,2017,43200,Diesel,Manual,First,13.68 kmpl,2393 CC,147.8 bhp,7,25.52 Lakh,18.6
Toyota Innova Crysta 2.4 ZX MT,Pune,2017,43000,Diesel,Manual,First,13.68 kmpl,2393 CC,147.8 bhp,7,25.52 Lakh,18.65
Toyota Innova Crysta 2.4 ZX MT,Bangalore,2017,64798,Diesel,Manual,First,13.68 kmpl,2393 CC,147.8 bhp,7,26.45 Lakh,18.75
Toyota Fortuner 2.8 2WD MT,Ahmedabad,2015,65012,Diesel,Manual,First,14.24 kmpl,2755 CC,174.5 bhp,7,32.45 Lakh,18.9
Audi A3 35 TDI Premium Plus,Mumbai,2016,39000,Diesel,Automatic,First,20.38 kmpl,1968 CC,143 bhp,5,42.89 Lakh,18.9
Jeep Compass 2.0 Limited,Jaipur,2018,29000,Diesel,Manual,First,17.1 kmpl,1956 CC,170 bhp,5,22.95 Lakh,19
Toyota Innova Crysta 2.8 ZX AT,Pune,2016,50296,Diesel,Automatic,Second,11.36 kmpl,2755 CC,171.5 bhp,7,27.07 Lakh,19
Jeep Compass 2.0 Longitude,Coimbatore,2018,33218,Diesel,Manual,First,17.1 kmpl,1956 CC,170 bhp,5,22.46 Lakh,19.05
Toyota Innova Crysta 2.8 ZX AT,Mumbai,2017,30000,Diesel,Automatic,First,11.36 kmpl,2755 CC,171.5 bhp,7,27 Lakh,19.25
Toyota Innova Crysta 2.8 GX AT,Kochi,2019,14076,Diesel,Automatic,First,11.36 kmpl,2755 CC,171.5 bhp,7,20.74 Lakh,19.4
Jeep Compass 2.0 Longitude,Kochi,2018,42203,Diesel,Manual,First,17.1 kmpl,1956 CC,170 bhp,5,21.72 Lakh,19.46
Toyota Innova Crysta 2.8 ZX AT,Chennai,2016,80000,Diesel,Automatic,First,11.36 kmpl,2755 CC,171.5 bhp,7,26.95 Lakh,19.5
BMW 5 Series 520d Luxury Line,Ahmedabad,2013,90000,Diesel,Automatic,First,22.48 kmpl,1995 CC,190 bhp,5,63.71 Lakh,19.5
Toyota Innova Crysta 2.8 ZX AT,Delhi,2016,42000,Diesel,Automatic,First,11.36 kmpl,2755 CC,171.5 bhp,7,26.55 Lakh,19.6
Toyota Innova Crysta 2.8 GX AT,Kochi,2019,14165,Diesel,Automatic,First,11.36 kmpl,2755 CC,171.5 bhp,7,20.74 Lakh,19.64
Toyota Innova Crysta 2.8 GX AT,Kochi,2019,10601,Diesel,Automatic,First,11.36 kmpl,2755 CC,171.5 bhp,7,20.74 Lakh,19.65
Toyota Innova Crysta 2.8 ZX AT,Hyderabad,2016,69000,Diesel,Automatic,First,11.36 kmpl,2755 CC,171.5 bhp,7,26.56 Lakh,19.75
Toyota Innova Crysta 2.4 VX MT,Kochi,2018,8899,Diesel,Manual,First,13.68 kmpl,2393 CC,147.8 bhp,7,22.86 Lakh,19.92
Toyota Innova Crysta 2.8 ZX AT,Kochi,2018,41736,Diesel,Automatic,First,11.36 kmpl,2755 CC,171.5 bhp,7,27 Lakh,19.92
Toyota Innova Crysta 2.8 ZX AT,Kochi,2017,26023,Diesel,Automatic,First,11.36 kmpl,2755 CC,171.5 bhp,7,26.55 Lakh,19.97
Jeep Compass 2.0 Limited 4X4,Mumbai,2017,52000,Diesel,Manual,First,16.3 kmpl,1956 CC,170 bhp,5,24.26 Lakh,20
Jeep Compass 2.0 Limited Option 4X4,Jaipur,2017,45000,Diesel,Manual,First,16.3 kmpl,1956 CC,170 bhp,5,25.54 Lakh,20
Isuzu MUX 4WD,Jaipur,2017,34429,Diesel,Automatic,First,13.8 kmpl,2999 CC,174.57 bhp,7,33.68 Lakh,20
Toyota Innova Crysta 2.8 ZX AT,Coimbatore,2017,65367,Diesel,Automatic,First,11.36 kmpl,2755 CC,171.5 bhp,7,28.05 Lakh,20.14
Toyota Innova Crysta 2.4 ZX MT,Chennai,2016,48000,Diesel,Manual,First,13.68 kmpl,2393 CC,147.8 bhp,7,25.4 Lakh,20.25
Audi Q3 35 TDI Quattro Premium Plus,Coimbatore,2016,86642,Diesel,Automatic,First,15.17 kmpl,1968 CC,181 bhp,5,43.65 Lakh,20.37
Toyota Innova Crysta 2.4 VX MT,Hyderabad,2017,24393,Diesel,Manual,First,13.68 kmpl,2393 CC,147.8 bhp,7,22.87 Lakh,20.4
Toyota Innova Crysta 2.8 ZX AT,Bangalore,2016,108000,Diesel,Automatic,First,11.36 kmpl,2755 CC,171.5 bhp,7,28.05 Lakh,20.5
Toyota Innova Crysta 2.8 ZX AT,Bangalore,2017,53841,Diesel,Automatic,First,11.36 kmpl,2755 CC,171.5 bhp,7,28.05 Lakh,20.5
Skoda Superb Style 1.8 TSI AT,Mumbai,2016,14500,Petrol,Automatic,First,14.67 kmpl,1798 CC,177.46 bhp,5,33.36 Lakh,20.75
BMW 3 Series 320d Luxury Line,Mumbai,2015,56087,Diesel,Automatic,First,22.69 kmpl,1995 CC,190 bhp,5,54.43 Lakh,20.75
BMW 3 Series 320d Luxury Line,Mumbai,2014,18600,Diesel,Automatic,Second,22.69 kmpl,1995 CC,190 bhp,5,54.43 Lakh,21
Mercedes-Benz E-Class E 220 d,Hyderabad,2013,85000,Diesel,Automatic,First,16.1 kmpl,1950 CC,194 bhp,5,71.15 Lakh,21
BMW 5 Series 520d Luxury Line,Delhi,2013,65000,Diesel,Automatic,First,22.48 kmpl,1995 CC,190 bhp,5,67.87 Lakh,21.26
BMW 3 Series 320d Luxury Line,Kochi,2016,62404,Diesel,Automatic,First,22.69 kmpl,1995 CC,190 bhp,5,54.43 Lakh,21.33
Toyota Innova Crysta 2.4 VX MT 8S,Coimbatore,2019,31271,Diesel,Manual,First,13.68 kmpl,2393 CC,147.8 bhp,8,24.01 Lakh,21.42
Mini Cooper 3 DOOR S,Mumbai,2013,21000,Petrol,Automatic,First,17.44 kmpl,1998 CC,189.08 bhp,4,39.57 Lakh,21.5
Volvo S60 D4 Momentum,Hyderabad,2014,51000,Diesel,Automatic,First,27.03 kmpl,1969 CC,190 bhp,5,45.67 Lakh,21.5
Audi A4 35 TDI Premium Plus,Kochi,2015,13506,Diesel,Automatic,First,18.25 kmpl,1968 CC,187.74 bhp,5,50.4 Lakh,21.66
Jeep Compass 2.0 Limited 4X4,Coimbatore,2018,48188,Diesel,Manual,First,16.3 kmpl,1956 CC,170 bhp,5,26.95 Lakh,21.69
Audi A4 30 TFSI Premium Plus,Kochi,2017,61221,Petrol,Automatic,First,17.84 kmpl,1395 CC,147.51 bhp,5,47.16 Lakh,21.73
BMW 5 Series 520d Luxury Line,Ahmedabad,2013,55000,Diesel,Automatic,First,22.48 kmpl,1995 CC,190 bhp,5,63.71 Lakh,21.75
Mini Cooper 5 DOOR D,Ahmedabad,2014,34000,Diesel,Automatic,First,20.7 kmpl,1496 CC,113.98 bhp,5,42.12 Lakh,22
Mini Cooper Convertible S,Chennai,2012,17000,Petrol,Automatic,Second,16.82 kmpl,1998 CC,189.08 bhp,4,44.28 Lakh,22
Toyota Innova Crysta 2.4 VX MT,Coimbatore,2019,33598,Diesel,Manual,First,13.68 kmpl,2393 CC,147.8 bhp,7,23.94 Lakh,22.2
BMW X1 sDrive 20d xLine,Coimbatore,2015,42265,Diesel,Automatic,Second,20.68 kmpl,1995 CC,190 bhp,5,48.18 Lakh,22.24
BMW 5 Series 520d Luxury Line,Coimbatore,2014,60280,Diesel,Automatic,First,22.48 kmpl,1995 CC,190 bhp,5,63.71 Lakh,22.45
Toyota Fortuner 2.8 2WD AT,Ahmedabad,2016,88008,Diesel,Automatic,Second,12.9 kmpl,2755 CC,174.5 bhp,7,34.45 Lakh,22.5
Toyota Innova Crysta 2.4 VX MT 8S,Coimbatore,2019,11241,Diesel,Manual,First,13.68 kmpl,2393 CC,147.8 bhp,8,24.01 Lakh,22.55
Toyota Innova Crysta 2.8 ZX AT,Hyderabad,2017,35358,Diesel,Automatic,First,11.36 kmpl,2755 CC,171.5 bhp,7,26.56 Lakh,22.99
Skoda Superb Style 2.0 TDI AT,Mumbai,2017,42000,Diesel,Automatic,First,18.19 kmpl,1968 CC,174.5 bhp,5,36.94 Lakh,22.99
Toyota Fortuner 2.8 4WD MT,Bangalore,2015,150386,Diesel,Manual,First,14.24 kmpl,2755 CC,174.5 bhp,7,39.6 Lakh,23
Mini Cooper 3 DOOR D,Mumbai,2016,20000,Diesel,Automatic,First,20.7 kmpl,1496 CC,113.98 bhp,4,35 Lakh,23.5
Mercedes-Benz GLA Class 200 d Sport,Pune,2017,35000,Diesel,Automatic,First,17.9 kmpl,2143 CC,136 bhp,5,41.94 Lakh,23.5
Mini Cooper 5 DOOR D,Hyderabad,2014,60000,Diesel,Automatic,Second,20.7 kmpl,1496 CC,113.98 bhp,5,42.48 Lakh,23.5
Mini Cooper 3 DOOR D,Kochi,2016,32298,Diesel,Automatic,First,20.7 kmpl,1496 CC,113.98 bhp,4,35 Lakh,23.8
Jeep Compass 2.0 Limited 4X4,Coimbatore,2019,6261,Diesel,Manual,First,16.3 kmpl,1956 CC,170 bhp,5,26.95 Lakh,23.91
Volvo V40 D3 R Design,Hyderabad,2015,38000,Diesel,Automatic,Second,16.8 kmpl,1969 CC,150 bhp,5,37.9 Lakh,24
Audi A6 35 TDI Matrix,Delhi,2014,56000,Diesel,Automatic,First,18.53 kmpl,1968 CC,187.74 bhp,5,59.38 Lakh,24
Audi A4 35 TDI Premium Plus,Coimbatore,2014,28469,Diesel,Automatic,First,18.25 kmpl,1968 CC,187.74 bhp,5,53.14 Lakh,24.37
Mercedes-Benz GLA Class 200 d Style,Kochi,2016,26212,Diesel,Automatic,First,17.9 kmpl,2143 CC,136 bhp,5,38.72 Lakh,24.46
Mercedes-Benz CLA 200 CGI Sport,Delhi,2016,40000,Petrol,Automatic,First,15.04 kmpl,1991 CC,183 bhp,5,41.02 Lakh,24.5
Audi A6 35 TFSI Matrix,Mumbai,2016,47000,Petrol,Automatic,First,15.26 kmpl,1798 CC,187.74 bhp,5,60.59 Lakh,24.5
BMW 5 Series 520d Luxury Line,Coimbatore,2012,44450,Diesel,Automatic,First,22.48 kmpl,1995 CC,190 bhp,5,71.82 Lakh,24.68
Mini Cooper 3 DOOR D,Kochi,2015,27641,Diesel,Automatic,Second,20.7 kmpl,1496 CC,113.98 bhp,4,34.89 Lakh,24.77
Toyota Innova Crysta 2.8 ZX AT,Coimbatore,2019,40674,Diesel,Automatic,First,11.36 kmpl,2755 CC,171.5 bhp,7,28.05 Lakh,24.82
Volkswagen Tiguan 2.0 TDI Highline,Jaipur,2017,50510,Diesel,Automatic,First,17.06 kmpl,1968 CC,141 bhp,5,36.45 Lakh,24.9
Volvo S60 D4 Momentum,Hyderabad,2015,51000,Diesel,Automatic,First,27.03 kmpl,1969 CC,190 bhp,5,45.67 Lakh,25
Audi A4 35 TDI Technology,Hyderabad,2015,45000,Diesel,Automatic,First,18.25 kmpl,1968 CC,187.74 bhp,5,55.61 Lakh,25
Audi A6 35 TDI Matrix,Hyderabad,2014,62000,Diesel,Automatic,First,18.53 kmpl,1968 CC,187.74 bhp,5,67.1 Lakh,25
BMW 3 Series Luxury Line,Mumbai,2015,41000,Diesel,Automatic,First,21.76 kmpl,1995 CC,190 bhp,5,60.88 Lakh,25.5
Skoda Superb L&K 2.0 TDI AT,Mumbai,2017,35000,Diesel,Automatic,First,18.19 kmpl,1968 CC,174.5 bhp,5,40.73 Lakh,25.75
Mercedes-Benz CLA 200 CDI Sport,Kochi,2019,29836,Diesel,Automatic,First,17.9 kmpl,2143 CC,136 bhp,5,43.07 Lakh,25.75
BMW 3 Series Luxury Line,Kochi,2015,30717,Diesel,Automatic,Second,21.76 kmpl,1995 CC,190 bhp,5,58.67 Lakh,25.99
Skoda Superb Style 1.8 TSI AT,Hyderabad,2017,26000,Petrol,Automatic,First,14.67 kmpl,1798 CC,177.46 bhp,5,33.58 Lakh,26
Toyota Camry Hybrid 2.5,Coimbatore,2017,23249,Petrol,Automatic,First,19.16 kmpl,2487 CC,175.67 bhp,5,40.62 Lakh,26.11
BMW 7 Series 730Ld Design Pure Excellence CBU,Kolkata,2012,41100,Diesel,Automatic,First,16.77 kmpl,2993 CC,261.49 bhp,5,1.66 Cr,26.5
BMW 3 Series Luxury Line,Mumbai,2014,48000,Diesel,Automatic,First,21.76 kmpl,1995 CC,190 bhp,5,60.88 Lakh,26.5
Mercedes-Benz GLA Class 200 Sport,Kochi,2018,17773,Petrol,Automatic,First,13.7 kmpl,1991 CC,183 bhp,5,39.22 Lakh,26.76
Mercedes-Benz CLA 200 CDI Sport,Jaipur,2017,39000,Diesel,Automatic,First,17.9 kmpl,2143 CC,136 bhp,5,42.4 Lakh,27
Audi Q3 30 TDI Premium FWD,Mumbai,2017,31000,Diesel,Automatic,First,18.51 kmpl,1968 CC,147.51 bhp,5,44.75 Lakh,27
BMW 3 Series Luxury Line,Pune,2016,70000,Diesel,Automatic,Second,21.76 kmpl,1995 CC,190 bhp,5,62.11 Lakh,27
Skoda Superb L&K 1.8 TSI AT,Kochi,2019,13747,Petrol,Automatic,First,14.67 kmpl,1798 CC,177.46 bhp,5,36.15 Lakh,27.3
Ford Endeavour Titanium 4X2,Coimbatore,2019,14648,Diesel,Manual,First,12.62 kmpl,2198 CC,158 bhp,7,35.29 Lakh,27.36
Audi Q3 35 TDI Quattro Premium Plus,Bangalore,2015,51000,Diesel,Automatic,First,15.17 kmpl,1968 CC,181 bhp,5,48.64 Lakh,27.5
Mercedes-Benz CLA 200 CDI Sport,Coimbatore,2017,20969,Diesel,Automatic,First,17.9 kmpl,2143 CC,136 bhp,5,45.36 Lakh,27.87
Mitsubishi Pajero Sport 4X2 AT DualTone BlackTop,Hyderabad,2018,12000,Diesel,Automatic,First,13.5 kmpl,2477 CC,175.56 bhp,7,33.91 Lakh,28
Audi Q3 35 TDI Quattro Premium Plus,Coimbatore,2016,58661,Diesel,Automatic,First,15.17 kmpl,1968 CC,181 bhp,5,48.64 Lakh,28.03
Mini Cooper Convertible S,Mumbai,2014,11900,Petrol,Automatic,First,16.82 kmpl,1998 CC,189.08 bhp,4,44.28 Lakh,28.5
BMW X1 sDrive 20d xLine,Bangalore,2016,28143,Diesel,Automatic,First,20.68 kmpl,1995 CC,190 bhp,5,48.18 Lakh,28.5
Toyota Fortuner 2.8 2WD MT,Coimbatore,2017,72668,Diesel,Manual,First,14.24 kmpl,2755 CC,174.5 bhp,7,37.17 Lakh,28.85
Mercedes-Benz GLA Class 200 d Sport,Mumbai,2018,10000,Diesel,Automatic,First,17.9 kmpl,2143 CC,136 bhp,5,41.94 Lakh,28.9
Mini Cooper 3 DOOR S,Kochi,2016,21110,Petrol,Automatic,First,17.44 kmpl,1998 CC,189.08 bhp,4,39.27 Lakh,28.95
BMW X1 xDrive 20d M Sport,Kolkata,2017,27001,Diesel,Automatic,First,20.68 kmpl,1995 CC,190 bhp,5,50.26 Lakh,29
BMW X1 sDrive 20d xLine,Coimbatore,2017,31645,Diesel,Automatic,First,20.68 kmpl,1995 CC,190 bhp,5,48.18 Lakh,29.4
Mini Cooper 5 DOOR D,Mumbai,2016,11000,Diesel,Automatic,First,20.7 kmpl,1496 CC,113.98 bhp,5,42.12 Lakh,29.5
BMW X1 M Sport sDrive 20d,Mumbai,2016,31000,Diesel,Automatic,First,17.05 kmpl,1995 CC,190 bhp,5,50.97 Lakh,29.5
BMW 3 Series 320d Luxury Line,Hyderabad,2015,47000,Diesel,Automatic,First,22.69 kmpl,1995 CC,190 bhp,5,53.68 Lakh,29.5
BMW 3 Series Luxury Line,Mumbai,2016,31000,Diesel,Automatic,First,21.76 kmpl,1995 CC,190 bhp,5,60.88 Lakh,29.95
BMW 3 Series Sport,Mumbai,2016,19000,Diesel,Automatic,Second,21.76 kmpl,1995 CC,190 bhp,5,57.3 Lakh,29.99
Mercedes-Benz S-Class S 350 d,Bangalore,2011,47140,Diesel,Automatic,Second,13.5 kmpl,2925 CC,281.61 bhp,5,1.71 Cr,30
Toyota Fortuner 2.8 2WD AT,Ahmedabad,2017,15000,Diesel,Automatic,First,12.9 kmpl,2755 CC,174.5 bhp,7,34.45 Lakh,30
Toyota Fortuner 2.8 2WD AT,Delhi,2017,40000,Diesel,Automatic,First,12.9 kmpl,2755 CC,174.5 bhp,7,37.38 Lakh,30
BMW X1 M Sport sDrive 20d,Kochi,2017,32838,Diesel,Automatic,First,17.05 kmpl,1995 CC,190 bhp,5,50.97 Lakh,30.29
BMW 5 Series 520d Luxury Line,Coimbatore,2016,75637,Diesel,Automatic,First,22.48 kmpl,1995 CC,190 bhp,5,71.82 Lakh,30.37
Mercedes-Benz CLA 200 CDI Sport,Kochi,2019,13414,Diesel,Automatic,First,17.9 kmpl,2143 CC,136 bhp,5,43.07 Lakh,30.77
Toyota Fortuner 2.8 2WD AT,Coimbatore,2019,28069,Diesel,Automatic,First,12.9 kmpl,2755 CC,174.5 bhp,7,34.45 Lakh,30.85
Toyota Fortuner 2.8 2WD AT,Pune,2017,29000,Diesel,Automatic,First,12.9 kmpl,2755 CC,174.5 bhp,7,38.11 Lakh,31
Mini Cooper 5 DOOR D,Kochi,2019,14857,Diesel,Automatic,First,20.7 kmpl,1496 CC,113.98 bhp,5,41.98 Lakh,31.55
BMW X3 xDrive 20d xLine,Kochi,2017,36723,Diesel,Automatic,First,18.56 kmpl,1995 CC,190 bhp,5,64.76 Lakh,32.57
Audi Q3 30 TDI Premium FWD,Coimbatore,2018,22060,Diesel,Automatic,First,18.51 kmpl,1968 CC,147.51 bhp,5,44.8 Lakh,32.73
Toyota Fortuner 2.8 2WD AT,Kochi,2019,21719,Diesel,Automatic,First,12.9 kmpl,2755 CC,174.5 bhp,7,37.38 Lakh,33.13
BMW 5 Series 520d Luxury Line,Hyderabad,2014,51000,Diesel,Automatic,First,22.48 kmpl,1995 CC,190 bhp,5,69.47 Lakh,33.5
Mini Cooper 5 DOOR D,Hyderabad,2017,2000,Diesel,Automatic,First,20.7 kmpl,1496 CC,113.98 bhp,5,42.48 Lakh,34
Jaguar XE Portfolio,Mumbai,2017,9000,Petrol,Automatic,First,13.5 kmpl,1999 CC,246.74 bhp,5,53.72 Lakh,34.5
Mini Cooper Convertible S,Mumbai,2016,15000,Petrol,Automatic,First,16.82 kmpl,1998 CC,189.08 bhp,4,44.28 Lakh,35
Mini Clubman Cooper S,Pune,2017,8350,Petrol,Manual,First,13.8 kmpl,1998 CC,192 bhp,5,44.59 Lakh,35
Mercedes-Benz C-Class Progressive C 220d,Ahmedabad,2019,4000,Diesel,Automatic,First,NaN kmpl,1950 CC,194 bhp,5,49.14 Lakh,35
BMW 3 Series Luxury Line,Ahmedabad,2016,27000,Diesel,Automatic,First,21.76 kmpl,1995 CC,190 bhp,5,55.07 Lakh,35
BMW 3 Series Luxury Line,Bangalore,2017,21000,Diesel,Automatic,First,21.76 kmpl,1995 CC,190 bhp,5,62.07 Lakh,35
Audi A6 35 TDI Matrix,Chennai,2015,20000,Diesel,Automatic,First,18.53 kmpl,1968 CC,187.74 bhp,5,67.67 Lakh,35.5
Mini Cooper Convertible S,Kochi,2017,26327,Petrol,Automatic,First,16.82 kmpl,1998 CC,189.08 bhp,4,44.28 Lakh,35.67
Mercedes-Benz C-Class Progressive C 220d,Coimbatore,2019,15369,Diesel,Automatic,First,NaN kmpl,1950 CC,194 bhp,5,49.14 Lakh,35.67
Toyota Fortuner 2.8 2WD MT,Coimbatore,2019,56251,Diesel,Manual,First,14.24 kmpl,2755 CC,174.5 bhp,7,37.17 Lakh,35.82
BMW 3 Series Luxury Line,Coimbatore,2017,34232,Diesel,Automatic,First,21.76 kmpl,1995 CC,190 bhp,5,55.07 Lakh,35.84
Mini Cooper Convertible S,Kochi,2017,20469,Petrol,Automatic,First,16.82 kmpl,1998 CC,189.08 bhp,4,44.28 Lakh,35.98
BMW 3 Series Luxury Line,Bangalore,2016,19235,Diesel,Automatic,First,21.76 kmpl,1995 CC,190 bhp,5,62.07 Lakh,36.5
BMW X1 sDrive 20d xLine,Coimbatore,2019,15456,Diesel,Automatic,First,20.68 kmpl,1995 CC,190 bhp,5,48.18 Lakh,36.64
Land Rover Discovery SE 3.0 TD6,Delhi,2016,59000,Diesel,Automatic,First,18.0 kmpl,2993 CC,255 bhp,7,1.13 Cr,36.75
Audi RS5 Coupe,Mumbai,2013,23000,Petrol,Automatic,First,11.05 kmpl,2894 CC,444 bhp,4,1.28 Cr,37
BMW 5 Series 520d Luxury Line,Kochi,2018,32586,Diesel,Automatic,First,22.48 kmpl,1995 CC,190 bhp,5,67.87 Lakh,37.3
BMW 3 Series Luxury Line,Kochi,2018,21936,Diesel,Automatic,First,21.76 kmpl,1995 CC,190 bhp,5,58.67 Lakh,37.92
Jaguar XE 2.0L Diesel Prestige,Hyderabad,2017,4000,Diesel,Automatic,First,13.6 kmpl,1999 CC,177 bhp,5,53.41 Lakh,38
Mercedes-Benz New C-Class Progressive C 200,Kochi,2019,13190,Petrol,Automatic,First,NaN kmpl,1950 CC,181.43 bhp,5,49.49 Lakh,38.99
Mercedes-Benz C-Class Progressive C 220d,Mumbai,2018,8682,Diesel,Automatic,First,NaN kmpl,1950 CC,194 bhp,5,52.26 Lakh,39.5
Audi A6 35 TDI Matrix,Coimbatore,2017,36824,Diesel,Automatic,First,18.53 kmpl,1968 CC,187.74 bhp,5,69.37 Lakh,39.84
Jaguar XE 2.0L Diesel Prestige,Delhi,2018,1000,Diesel,Automatic,First,13.6 kmpl,1999 CC,177 bhp,5,52.77 Lakh,40
Audi RS5 Coupe,Mumbai,2013,23312,Petrol,Automatic,First,11.05 kmpl,2894 CC,444 bhp,4,1.28 Cr,40.5
Audi A6 35 TFSI Matrix,Delhi,2018,22000,Petrol,Automatic,First,15.26 kmpl,1798 CC,187.74 bhp,5,56.97 Lakh,41.5
Land Rover Discovery Sport TD4 HSE 7S,Mumbai,2017,40000,Diesel,Automatic,First,12.81 kmpl,1999 CC,148.31 bhp,7,66.39 Lakh,41.5
Land Rover Discovery HSE Luxury 3.0 TD6,Mumbai,2017,35000,Diesel,Automatic,First,18.0 kmpl,2993 CC,255 bhp,7,1.27 Cr,41.6
Land Rover Range Rover Evoque 2.0 TD4 HSE Dynamic,Hyderabad,2016,52000,Diesel,Automatic,First,15.68 kmpl,1999 CC,177 bhp,5,74.49 Lakh,42
Audi A4 35 TDI Technology,Hyderabad,2017,14000,Diesel,Automatic,First,18.25 kmpl,1968 CC,187.74 bhp,5,55.61 Lakh,43
BMW 7 Series 730Ld Eminence,Kochi,2015,29966,Diesel,Automatic,Second,16.77 kmpl,2993 CC,261.49 bhp,5,1.4 Cr,43.6
Mercedes-Benz GLC 220d 4MATIC Sport,Mumbai,2017,25000,Diesel,Automatic,First,17.9 kmpl,2143 CC,170 bhp,5,64.14 Lakh,45
Mercedes-Benz GLC 220d 4MATIC Style,Mumbai,2017,24000,Diesel,Automatic,First,17.9 kmpl,2143 CC,170 bhp,5,59.77 Lakh,46.95
BMW 5 Series 530d M Sport,Hyderabad,2016,27000,Diesel,Automatic,First,18.59 kmpl,2993 CC,265 bhp,5,78.31 Lakh,48
Mercedes-Benz E-Class E400 Cabriolet,Kolkata,2015,7501,Petrol,Automatic,First,10.0 kmpl,2996 CC,333 bhp,4,87.57 Lakh,48
Mercedes-Benz GLC 220d 4MATIC Style,Mumbai,2018,10003,Diesel,Automatic,First,17.9 kmpl,2143 CC,170 bhp,5,59.77 Lakh,48.5
Mercedes-Benz GLE 250d,Hyderabad,2016,50000,Diesel,Automatic,First,17.9 kmpl,2143 CC,201.15 bhp,5,79.43 Lakh,49
Mercedes-Benz GLC 220d 4MATIC Style,Coimbatore,2019,29311,Diesel,Automatic,First,17.9 kmpl,2143 CC,170 bhp,5,64.57 Lakh,50.97
Mercedes-Benz E-Class E 220 d,Kochi,2018,20446,Petrol,Automatic,First,12.6 kmpl,1950 CC,191.34 bhp,5,86.97 Lakh,51.35
Mercedes-Benz E-Class E 220 d,Kochi,2018,26405,Petrol,Automatic,First,12.6 kmpl,1950 CC,191.34 bhp,5,86.97 Lakh,51.43
Jaguar XF 2.0 Diesel Portfolio,Hyderabad,2017,21000,Diesel,Automatic,First,19.33 kmpl,1999 CC,177 bhp,5,72.64 Lakh,52
Mercedes-Benz SLC 43 AMG,Kolkata,2017,13372,Petrol,Automatic,First,19.0 kmpl,2996 CC,362.07 bhp,2,95.04 Lakh,54
Mercedes-Benz GLS 350d 4MATIC,Pune,2017,129000,Diesel,Automatic,First,11.0 kmpl,2987 CC,258 bhp,7,1 Cr,56
Mercedes-Benz GLE 250d,Mumbai,2016,21000,Diesel,Automatic,First,17.9 kmpl,2143 CC,201.15 bhp,5,78.76 Lakh,56
Land Rover Discovery Sport TD4 HSE 7S,Coimbatore,2019,24013,Diesel,Automatic,First,12.81 kmpl,1999 CC,148.31 bhp,7,69.22 Lakh,56.14
Mercedes-Benz E-Class E 220 d,Mumbai,2018,11000,Diesel,Automatic,First,16.1 kmpl,1950 CC,194 bhp,5,70.55 Lakh,56.5
Mercedes-Benz GLE 250d,Kochi,2017,25601,Diesel,Automatic,First,17.9 kmpl,2143 CC,201.15 bhp,5,78.76 Lakh,56.73
Ford Mustang V8,Kochi,2018,21290,Petrol,Automatic,First,13.0 kmpl,4951 CC,395 bhp,4,83.92 Lakh,56.8
Mercedes-Benz GLE 250d,Hyderabad,2017,29000,Diesel,Automatic,First,17.9 kmpl,2143 CC,201.15 bhp,5,79.43 Lakh,57
Mercedes-Benz GLE 350d,Coimbatore,2018,30706,Diesel,Automatic,First,11.57 kmpl,2987 CC,254.79 bhp,5,95.13 Lakh,59.29
Mercedes-Benz GLE 350d,Coimbatore,2018,29277,Diesel,Automatic,First,11.57 kmpl,2987 CC,254.79 bhp,5,95.13 Lakh,59.65
Land Rover Range Rover Evoque 2.0 TD4 HSE Dynamic,Kochi,2018,31427,Diesel,Automatic,First,15.68 kmpl,1999 CC,177 bhp,5,75.12 Lakh,59.72
Mercedes-Benz GLE 350d,Bangalore,2016,28541,Diesel,Automatic,First,11.57 kmpl,2987 CC,254.79 bhp,5,95.13 Lakh,60.75
BMW X3 xDrive 20d Luxury Line,Mumbai,2018,1400,Diesel,Automatic,First,18.56 kmpl,1995 CC,190 bhp,5,70.55 Lakh,61.25
Mercedes-Benz GLE 350d,Coimbatore,2017,29819,Diesel,Automatic,First,11.57 kmpl,2987 CC,254.79 bhp,5,95.13 Lakh,61.29
Audi Q7 45 TDI Quattro Technology,Coimbatore,2017,97430,Diesel,Automatic,First,14.75 kmpl,2967 CC,245 bhp,7,1.04 Cr,62.67
Land Rover Range Rover Sport SE,Delhi,2014,47000,Diesel,Automatic,Second,12.65 kmpl,2993 CC,255 bhp,5,1.39 Cr,64.75
Mercedes-Benz GLE 350d,Coimbatore,2017,33552,Diesel,Automatic,First,11.57 kmpl,2987 CC,254.79 bhp,5,95.13 Lakh,64.87
Mercedes-Benz GLE 350d,Mumbai,2017,19863,Diesel,Automatic,First,11.57 kmpl,2987 CC,254.79 bhp,5,91.23 Lakh,64.95
Mercedes-Benz GLE 350d,Chennai,2016,29000,Diesel,Automatic,First,11.57 kmpl,2987 CC,254.79 bhp,5,92.79 Lakh,65
Audi Q7 45 TDI Quattro Technology,Mumbai,2016,20002,Diesel,Automatic,First,14.75 kmpl,2967 CC,245 bhp,7,1.04 Cr,67
Audi Q7 45 TDI Quattro Technology,Pune,2017,59500,Diesel,Automatic,First,14.75 kmpl,2967 CC,245 bhp,7,99.92 Lakh,68
Land Rover Range Rover Sport HSE,Kochi,2015,38467,Diesel,Automatic,First,12.65 kmpl,2993 CC,255 bhp,5,1.6 Cr,70.66
Mercedes-Benz GLE 350d,Coimbatore,2018,40129,Diesel,Automatic,First,11.57 kmpl,2987 CC,254.79 bhp,5,95.13 Lakh,70.8
Mercedes-Benz GLC 43 AMG Coupe,Coimbatore,2018,22397,Petrol,Automatic,First,11.5 kmpl,2996 CC,367 bhp,5,95.38 Lakh,70.99
Audi Q7 45 TDI Quattro Premium Plus,Kochi,2019,6773,Diesel,Automatic,First,14.75 kmpl,2967 CC,245 bhp,7,91.38 Lakh,72.94
Mercedes-Benz E-Class E 350 d,Coimbatore,2019,9312,Diesel,Automatic,First,18.0 kmpl,2987 CC,258 bhp,5,92.5 Lakh,78.8
Mercedes-Benz GLS 350d Grand Edition,Delhi,2018,6000,Diesel,Automatic,First,11.0 kmpl,2987 CC,258 bhp,7,1.02 Cr,79
Mercedes-Benz SLC 43 AMG,Coimbatore,2019,2526,Petrol,Automatic,First,19.0 kmpl,2996 CC,362.07 bhp,2,1.06 Cr,83.96
Land Rover Range Rover Sport SE,Kochi,2019,26013,Diesel,Automatic,First,12.65 kmpl,2993 CC,255 bhp,5,1.39 Cr,97.07
Land Rover Range Rover 3.0 Diesel LWB Vogue,Hyderabad,2017,25000,Diesel,Automatic,First,13.33 kmpl,2993 CC,255 bhp,5,2.3 Cr,160
